soc,R0
0.0,1.2754649999999979
0.001001001001001001,1.6740944444444494
0.002002002002002002,1.7487958108108037
0.003003003003003003,1.7798271171171187
0.004004004004004004,1.7970501251251303
0.005005005005005005,1.801020610610613
0.006006006006006006,1.803379399399394
0.007007007007007007,1.8025336636636702
0.008008008008008008,1.7945480105105194
0.009009009009009009,1.7873666666666699
0.01001001001001001,1.7802921271271277
0.011011011011011011,1.777815175175177
0.012012012012012012,1.7694339789789781
0.013013013013013013,1.7600994494494504
0.014014014014014014,1.7491688638638703
0.015015015015015015,1.7471216366366393
0.016016016016016016,1.738774699699701
0.017017017017017015,1.7341782632632707
0.018018018018018018,1.7325334684684712
0.01901901901901902,1.729520505505504
0.02002002002002002,1.728175735735742
0.02102102102102102,1.7249366066066107
0.022022022022022022,1.723456841841844
0.023023023023023025,1.7233500800800838
0.024024024024024024,1.7198538888888937
0.025025025025025023,1.7227342142142188
0.026026026026026026,1.7165611161161154
0.02702702702702703,1.7166936486486506
0.028028028028028028,1.7128695795795812
0.029029029029029027,1.7101084234234243
0.03003003003003003,1.7131287237237247
0.031031031031031032,1.706915625625629
0.03203203203203203,1.706636651651654
0.03303303303303303,1.7021077627627657
0.03403403403403403,1.698340625625625
0.035035035035035036,1.6951772372372398
0.036036036036036036,1.6888211261261166
0.037037037037037035,1.6859733333333349
0.03803803803803804,1.6844803003003017
0.03903903903903904,1.6788989039039048
0.04004004004004004,1.6740596996997015
0.04104104104104104,1.6694099049049083
0.04204204204204204,1.665349684684685
0.043043043043043044,1.65652460460461
0.044044044044044044,1.648489669669675
0.04504504504504504,1.6407960810810795
0.04604604604604605,1.638478490990991
0.04704704704704705,1.6306634984985058
0.04804804804804805,1.6244792792792806
0.04904904904904905,1.6179615265265301
0.050050050050050046,1.606844999999999
0.05105105105105105,1.6009699999999993
0.05205205205205205,1.59517742742743
0.05305305305305305,1.5847271021021037
0.05405405405405406,1.579424369369371
0.055055055055055056,1.564045945945951
0.056056056056056056,1.55908957957958
0.057057057057057055,1.5490531081081116
0.058058058058058054,1.5392718468468525
0.05905905905905906,1.5344852927927954
0.06006006006006006,1.5196345645645692
0.06106106106106106,1.5148534609609632
0.062062062062062065,1.5050412512512512
0.06306306306306306,1.4952570270270282
0.06406406406406406,1.4805119619619633
0.06506506506506507,1.47095741741742
0.06606606606606606,1.46617
0.06706706706706707,1.456320595595595
0.06806806806806806,1.441598993994
0.06906906906906907,1.431644249249251
0.07007007007007007,1.421848843843847
0.07107107107107107,1.4118834834834848
0.07207207207207207,1.4019738738738763
0.07307307307307308,1.3868469519519522
0.07407407407407407,1.3769685185185176
0.07507507507507508,1.366928468468469
0.07607607607607608,1.351917592592593
0.07707707707707707,1.3416778578578592
0.07807807807807808,1.3316616216216204
0.07907907907907907,1.3164353603603596
0.08008008008008008,1.3060896996997018
0.08108108108108109,1.2909668918918937
0.08208208208208208,1.2786950350350246
0.08308308308308308,1.265719999999999
0.08408408408408408,1.250609054054057
0.08508508508508508,1.235235730730735
0.08608608608608609,1.2253043543543551
0.08708708708708708,1.20662689939941
0.08808808808808809,1.1901843393393419
0.0890890890890891,1.180277282282285
0.09009009009009009,1.165717162162161
0.09109109109109109,1.1507402252252241
0.0920920920920921,1.1361256656656638
0.09309309309309309,1.116573603603599
0.0940940940940941,1.1023342942942937
0.09509509509509509,1.088018573573577
0.0960960960960961,1.0738449699699748
0.0970970970970971,1.0550567717717696
0.0980980980980981,1.046419254254256
0.0990990990990991,1.0275265315315352
0.10010010010010009,1.0142283483483494
0.1011011011011011,1.0008867417417422
0.1021021021021021,0.9835163663663504
0.1031031031031031,0.969898363363364
0.1041041041041041,0.9573542192192219
0.10510510510510511,0.9446208558558578
0.1061061061061061,0.9273402952952958
0.10710710710710711,0.9154502802802833
0.10810810810810811,0.9036091441441485
0.1091091091091091,0.8918634384384427
0.11011011011011011,0.8753412612612621
0.1111111111111111,0.8641233333333309
0.11211211211211211,0.8527800350349946
0.11311311311311312,0.8421000000000012
0.11411411411411411,0.8263789339339356
0.11511511511511512,0.8158824774774809
0.11611611611611611,0.805502722722724
0.11711711711711711,0.7922009459459645
0.11811811811811812,0.7804744244244288
0.11911911911911911,0.7706599999999986
0.12012012012012012,0.7610245495495516
0.12112112112112113,0.746406591591593
0.12212212212212212,0.7372469219219235
0.12312312312312312,0.7280580480480481
0.12412412412412413,0.7189899999999971
0.12512512512512514,0.7051457807807804
0.12612612612612611,0.6964220270270305
0.12712712712712712,0.6880724024024065
0.12812812812812813,0.6794345195195195
0.12912912912912913,0.6662400000000002
0.13013013013013014,0.6579720120120136
0.13113113113113112,0.6499415165165168
0.13213213213213212,0.642099504504503
0.13313313313313313,0.6291164514514547
0.13413413413413414,0.6215161911911959
0.13513513513513514,0.6139168468468448
0.13613613613613612,0.6063184684684719
0.13713713713713713,0.5991299999999988
0.13813813813813813,0.5867834984984999
0.13913913913913914,0.5796782282282287
0.14014014014014015,0.5724099999999988
0.14114114114114115,0.5655782432432499
0.14214214214214213,0.5537308358358395
0.14314314314314314,0.5470782132132124
0.14414414414414414,0.5406149999999998
0.14514514514514515,0.5341993643643628
0.14614614614614616,0.5279549999999977
0.14714714714714713,0.5219915165165201
0.14814814814814814,0.5161259259259277
0.14914914914914915,0.5054156906906915
0.15015015015015015,0.49980193693693664
0.15115115115115116,0.49442500000000056
0.15215215215215216,0.48878057057057056
0.15315315315315314,0.4835085135135131
0.15415415415415415,0.47805192192191814
0.15515515515515516,0.47184500000000185
0.15615615615615616,0.4619165465465702
0.15715715715715717,0.457895660660661
0.15815815815815815,0.4496480930930913
0.15915915915915915,0.44046184684684686
0.16016016016016016,0.43028500000000136
0.16116116116116116,0.41963260260260427
0.16216216216216217,0.4087776576576596
0.16316316316316315,0.39845353853853904
0.16416416416416416,0.3890081531531564
0.16516516516516516,0.3803688288288276
0.16616616616616617,0.3780419619619657
0.16716716716716717,0.3719568768768733
0.16816816816816815,0.3670931081081097
0.16916916916916916,0.36288709209209014
0.17017017017017017,0.35965279279279283
0.17117117117117117,0.3618756756756758
0.17217217217217218,0.3595492692692659
0.17317317317317318,0.35791560060060235
0.17417417417417416,0.35638277777777727
0.17517517517517517,0.360356906906909
0.17617617617617617,0.3596350750750732
0.17717717717717718,0.3591355855855838
0.1781781781781782,0.35884683183183164
0.17917917917917917,0.3635880780780809
0.18018018018018017,0.3633763513513477
0.18118118118118118,0.3635746546546592
0.18218218218218218,0.3639949999999992
0.1831831831831832,0.3644680630630637
0.1841841841841842,0.36981939189189017
0.18518518518518517,0.37029999999999674
0.18618618618618618,0.3758568018018016
0.1871871871871872,0.37670622622623107
0.1881881881881882,0.37735358858858703
0.1891891891891892,0.3781200000000018
0.19019019019019018,0.3841199999999967
0.19119119119119118,0.3850910660660656
0.1921921921921922,0.3864028978978995
0.1931931931931932,0.38737552552552845
0.1941941941941942,0.3933549999999997
0.19519519519519518,0.39457500000000145
0.1961961961961962,0.3958333533533498
0.1971971971971972,0.39703971471471533
0.1981981981981982,0.3983882432432395
0.1991991991991992,0.39959800300299886
0.20020020020020018,0.40104075075074963
0.2012012012012012,0.40725599099098897
0.2022022022022022,0.4088767417417394
0.2032032032032032,0.40512301801801875
0.2042042042042042,0.41169999999999707
0.20520520520520522,0.4133055955955989
0.2062062062062062,0.4148150000000017
0.2072072072072072,0.41630369369369813
0.2082082082082082,0.42292999999999914
0.2092092092092092,0.4195805655655649
0.21021021021021022,0.4210089789789784
0.2112112112112112,0.4278599999999999
0.2122122122122122,0.4294378078078065
0.2132132132132132,0.43104954954955144
0.21421421421421422,0.43265839339339696
0.21521521521521522,0.43428882882882824
0.21621621621621623,0.4360033783783779
0.2172172172172172,0.4375845645645615
0.2182182182182182,0.444296681681684
0.21921921921921922,0.4459329279279256
0.22022022022022023,0.44757417417417233
0.22122122122122123,0.4493218693693679
0.2222222222222222,0.45111000000000345
0.22322322322322322,0.4576629129129106
0.22422422422422422,0.45941084084083705
0.22522522522522523,0.46094439189189096
0.22622622622622623,0.4627584284284314
0.2272272272272272,0.4693968468468457
0.22822822822822822,0.4709949999999985
0.22922922922922923,0.4696868968969037
0.23023023023023023,0.47415416416416445
0.23123123123123124,0.4755806756756753
0.23223223223223222,0.47709174174173974
0.23323323323323322,0.47851999999999784
0.23423423423423423,0.479965
0.23523523523523523,0.48111500000000085
0.23623623623623624,0.4820449999999976
0.23723723723723725,0.47863599099104537
0.23823823823823823,0.4835882132132152
0.23923923923923923,0.48408499999999854
0.24024024024024024,0.4842490990991033
0.24124124124124124,0.4837199999999964
0.24224224224224225,0.4780899999999999
0.24324324324324323,0.48172500000000174
0.24424424424424424,0.4750940840840867
0.24524524524524524,0.47309999999999963
0.24624624624624625,0.4708512012012056
0.24724724724724725,0.46841282282282126
0.24824824824824826,0.46572093093093514
0.24924924924924924,0.46787563063062976
0.2502502502502503,0.4601131231231248
0.25125125125125125,0.4623450000000018
0.25225225225225223,0.4595995045045065
0.25325325325325326,0.456745600600601
0.25425425425425424,0.45413309309309646
0.2552552552552553,0.45161499999999855
0.25625625625625625,0.4493240390390385
0.25725725725725723,0.44701971471471147
0.25825825825825827,0.4497884684684683
0.25925925925925924,0.4479349999999993
0.2602602602602603,0.4460240240240232
0.26126126126126126,0.4444802702702688
0.26226226226226224,0.443111966966967
0.26326326326326327,0.4466750000000008
0.26426426426426425,0.4453999249249252
0.2652652652652653,0.4442652552552584
0.26626626626626626,0.44309000000000154
0.26726726726726724,0.4468678978978957
0.2682682682682683,0.44511348848844445
0.26926926926926925,0.43941596096096713
0.2702702702702703,0.4428305855855852
0.27127127127127126,0.4415144494494472
0.27227227227227224,0.43988499999999764
0.2732732732732733,0.4378771021021066
0.27427427427427425,0.4309649999999987
0.2752752752752753,0.42884092092092096
0.27627627627627627,0.4267086336336323
0.2772772772772773,0.42435521021021216
0.2782782782782783,0.4172729129129138
0.27927927927927926,0.4150808558558561
0.2802802802802803,0.41301894894894886
0.28128128128128127,0.4110023773773763
0.2822822822822823,0.40406711711711285
0.2832832832832833,0.4022149999999991
0.28428428428428426,0.400808933933936
0.2852852852852853,0.39419554054054284
0.2862862862862863,0.3929398548548546
0.2872872872872873,0.39172232732732404
0.2882882882882883,0.38560108108107727
0.28928928928928926,0.3846401651651643
0.2902902902902903,0.3789114114114156
0.2912912912912913,0.3831249999999997
0.2922922922922923,0.3775528078078061
0.2932932932932933,0.3771649999999971
0.29429429429429427,0.371760000000001
0.2952952952952953,0.37142999999999926
0.2962962962962963,0.3713533333333352
0.2972972972972973,0.36622520270270353
0.2982982982982983,0.3661953853853861
0.29929929929929927,0.36641237237237334
0.3003003003003003,0.3665527477477504
0.3013013013013013,0.3616351201201251
0.3023023023023023,0.36178000000000043
0.3033033033033033,0.3621610510510509
0.30430430430430433,0.35748160160160136
0.3053053053053053,0.35777523523523147
0.3063063063063063,0.35309635135134965
0.3073073073073073,0.35736755755753524
0.3083083083083083,0.35394115615615895
0.30930930930930933,0.35435000000000105
0.3103103103103103,0.354668663663662
0.3113113113113113,0.3500656156156179
0.3123123123123123,0.35036240240240435
0.3133133133133133,0.34578492492492785
0.31431431431431434,0.346137642642641
0.3153153153153153,0.34649756756756744
0.3163163163163163,0.3418761861861874
0.3173173173173173,0.34195500000000045
0.3183183183183183,0.33722947447447194
0.31931931931931934,0.33755255255255356
0.3203203203203203,0.3376162012011985
0.3213213213213213,0.332743753753757
0.32232232232232233,0.332798163163166
0.3233233233233233,0.3280613063063065
0.32432432432432434,0.32807952702702536
0.3253253253253253,0.32836003003003267
0.3263263263263263,0.3235195245245226
0.32732732732732733,0.31875252252252295
0.3283283283283283,0.3239546196196219
0.32932932932932935,0.3191400150150159
0.3303303303303303,0.3194407657657683
0.3313313313313313,0.3147999999999973
0.33233233233233234,0.3111459409409001
0.3333333333333333,0.3107400000000604
0.33433433433433435,0.3111750000000013
0.3353353353353353,0.30685376126125874
0.3363363363363363,0.3071400000000013
0.33733733733733734,0.30291999999999764
0.3383383383383383,0.3035562312312301
0.33933933933933935,0.30425500000000216
0.34034034034034033,0.29996000000000134
0.34134134134134136,0.30068493993993695
0.34234234234234234,0.30148243243242945
0.3433433433433433,0.2974499249249263
0.34434434434434436,0.2985337087087103
0.34534534534534533,0.29422999999999977
0.34634634634634637,0.29530620120119977
0.34734734734734735,0.29639265765765366
0.3483483483483483,0.2922910810810819
0.34934934934934936,0.2901514914915104
0.35035035035035034,0.28966262762762707
0.35135135135135137,0.2858174324324336
0.35235235235235235,0.28691343343343334
0.3533533533533533,0.28835500000000014
0.35435435435435436,0.28442999999999774
0.35535535535535534,0.2856224174174171
0.3563563563563564,0.286998583583582
0.35735735735735735,0.2832797297297329
0.35835835835835833,0.2844930580580618
0.35935935935935936,0.28086759759759605
0.36036036036036034,0.28228999999999616
0.3613613613613614,0.28359000000000023
0.36236236236236236,0.280076141141139
0.36336336336336333,0.27653061561562
0.36436436436436437,0.27788863363363614
0.36536536536536535,0.2743654454454436
0.3663663663663664,0.27581999999999773
0.36736736736736736,0.27728737237237233
0.3683683683683684,0.2738599999999991
0.36936936936936937,0.27538000000000284
0.37037037037037035,0.2768583333333341
0.3713713713713714,0.2735376426426406
0.37237237237237236,0.275081636636636
0.3733733733733734,0.27143530030029783
0.3743743743743744,0.27297609609609363
0.37537537537537535,0.27465000000000295
0.3763763763763764,0.27130141141141095
0.37737737737737737,0.2729698348348375
0.3783783783783784,0.26954684684684427
0.3793793793793794,0.27100232732732543
0.38038038038038036,0.2726899999999999
0.3813813813813814,0.26920274774774544
0.38238238238238237,0.2710100050050057
0.3833833833833834,0.2676326876876889
0.3843843843843844,0.2692564414414411
0.38538538538538536,0.27095519519519495
0.3863863863863864,0.2674805480480469
0.38738738738738737,0.26907500000000084
0.3883883883883884,0.27070854354354523
0.3893893893893894,0.2673895795795822
0.39039039039039036,0.2689692942942967
0.3913913913913914,0.2656127177177181
0.3923923923923924,0.2671614714714732
0.3933933933933934,0.26900434684684615
0.3943943943943944,0.265433978978975
0.39539539539539537,0.267057217217217
0.3963963963963964,0.2637697297297281
0.3973973973973974,0.26531000000000304
0.3983983983983984,0.26699005505505635
0.3993993993993994,0.2635962312312312
0.40040040040040037,0.2654880030030027
0.4014014014014014,0.2670550000000027
0.4024024024024024,0.2635159909909923
0.4034034034034034,0.265281711711709
0.4044044044044044,0.26177348348348506
0.40540540540540543,0.2633360810810803
0.4064064064064064,0.26502353603603535
0.4074074074074074,0.26153851851851595
0.4084084084084084,0.2632665315315341
0.4094094094094094,0.25973500000000094
0.41041041041041043,0.26132500000000114
0.4114114114114114,0.2629772072072045
0.4124124124124124,0.25959345345345497
0.4134134134134134,0.261405900900904
0.4144144144144144,0.2631412162162139
0.41541541541541543,0.2596584284284287
0.4164164164164164,0.2613618768768733
0.4174174174174174,0.26288968468468177
0.4184184184184184,0.2644499999999983
0.4194194194194194,0.2610792342342316
0.42042042042042044,0.2626368468468465
0.4214214214214214,0.25909933933933704
0.4224224224224224,0.2608250000000023
0.42342342342342343,0.2621621621621584
0.4244244244244244,0.2587900000000021
0.42542542542542544,0.26038499999999853
0.4264264264264264,0.2619117417417449
0.4274274274274274,0.2635221471471505
0.42842842842842843,0.259731606606608
0.4294294294294294,0.26148695945946265
0.43043043043043044,0.26276499999999814
0.4314314314314314,0.2592313963963955
0.43243243243243246,0.26076175675675994
0.43343343343343343,0.2614142392392038
0.4344344344344344,0.2635500000000013
0.43543543543543545,0.2598278828828837
0.4364364364364364,0.2612316366366363
0.43743743743743746,0.2576746096096105
0.43843843843843844,0.259185000000004
0.4394394394394394,0.26041130630630516
0.44044044044044045,0.26197512512512233
0.44144144144144143,0.2630750000000015
0.44244244244244246,0.25952499999999823
0.44344344344344344,0.26097000000000037
0.4444444444444444,0.2620866666666677
0.44544544544544545,0.2635695795795767
0.44644644644644643,0.25994006006005765
0.44744744744744747,0.2613070720720678
0.44844844844844844,0.26257331831831987
0.4494494494494494,0.2636258708708672
0.45045045045045046,0.26016657657657927
0.45145145145145144,0.26140825325325245
0.45245245245245247,0.26262169669669877
0.45345345345345345,0.2638971471471452
0.4544544544544544,0.26032000000000277
0.45545545545545546,0.26161499999999727
0.45645645645645644,0.2628282882882882
0.4574574574574575,0.2639495345345333
0.45845845845845845,0.260214999999997
0.45945945945945943,0.2663420270270267
0.46046046046046046,0.2626600000000012
0.46146146146146144,0.26388499999999926
0.4624624624624625,0.2649167792792806
0.46346346346346345,0.26611000000000384
0.46446446446446443,0.26217929929929884
0.46546546546546547,0.26348079579579853
0.46646646646646645,0.2646010510510477
0.4674674674674675,0.26563800300300144
0.46846846846846846,0.26179648648648524
0.4694694694694695,0.26757551051051376
0.47047047047047047,0.26378647147147216
0.47147147147147145,0.26733006006002924
0.4724724724724725,0.26594499999999854
0.47347347347347346,0.2670199999999978
0.4744744744744745,0.26814927927928167
0.4754754754754755,0.26908295045044994
0.47647647647647645,0.26487499999999997
0.4774774774774775,0.2658604954954935
0.47847847847847846,0.26695500000000205
0.4794794794794795,0.2678569519519547
0.4804804804804805,0.2687581981981957
0.48148148148148145,0.2647794444444429
0.4824824824824825,0.27060569069069285
0.48348348348348347,0.26667806306306385
0.4844844844844845,0.2724564564564558
0.4854854854854855,0.2682758008008035
0.48648648648648646,0.2693000000000012
0.4874874874874875,0.2700238438438429
0.48848848848848847,0.27130499999999724
0.4894894894894895,0.2719941216216215
0.4904904904904905,0.26786500000000046
0.49149149149149146,0.2737357207207225
0.4924924924924925,0.2693449999999986
0.4934934934934935,0.27512490490490205
0.4944944944944945,0.27098000000000066
0.4954954954954955,0.27169310810810643
0.4964964964964965,0.27246500000000395
0.4974974974974975,0.2733199999999991
0.4984984984984985,0.27403873873873774
0.4994994994994995,0.27495000000000047
0.5005005005005005,0.2755531231231245
0.5015015015015015,0.2762093693693668
0.5025025025025025,0.2768043843843815
0.5035035035035035,0.2776249999999969
0.5045045045045045,0.27321810810811087
0.5055055055055055,0.2791100000000002
0.5065065065065065,0.2747400000000022
0.5075075075075075,0.2753218468468477
0.5085085085085085,0.2760730930930899
0.5095095095095095,0.27674933933933943
0.5105105105105106,0.27727000000000057
0.5115115115115115,0.2780306206206218
0.5125125125125125,0.2784600000000026
0.5135135135135135,0.27915936936936614
0.5145145145145145,0.2797950000000027
0.5155155155155156,0.28068636636636946
0.5165165165165165,0.2811299999999983
0.5175175175175175,0.2818756906906916
0.5185185185185185,0.28218111111111277
0.5195195195195195,0.28309999999999835
0.5205205205205206,0.28343500000000077
0.5215215215215215,0.2842149999999988
0.5225225225225225,0.28474225225225247
0.5235235235235235,0.2852549999999976
0.5245245245245245,0.2858850000000013
0.5255255255255256,0.2861578378378393
0.5265265265265265,0.2868532082082087
0.5275275275275275,0.28479745745740637
0.5285285285285285,0.2877060360360373
0.5295295295295295,0.2882407357357364
0.5305305305305306,0.2890036536536522
0.5315315315315315,0.2894836936936951
0.5325325325325325,0.2898999999999985
0.5335335335335335,0.29038499999999967
0.5345345345345345,0.2909641291291276
0.5355355355355356,0.29142500000000293
0.5365365365365365,0.2920381831831831
0.5375375375375375,0.2925399999999989
0.5385385385385385,0.29317499999999885
0.5395395395395395,0.2936317267267263
0.5405405405405406,0.2941170270270277
0.5415415415415415,0.2948449999999969
0.5425425425425425,0.29538665165165234
0.5435435435435435,0.29581097597597417
0.5445445445445445,0.2964529579579578
0.5455455455455456,0.3008538538538197
0.5465465465465466,0.29755635135134906
0.5475475475475475,0.29813669669669807
0.5485485485485485,0.3039488288288261
0.5495495495495496,0.30443878378378475
0.5505505505505506,0.3049349999999995
0.5515515515515516,0.3054950000000023
0.5525525525525525,0.30597499999999833
0.5535535535535535,0.30638376126125966
0.5545545545545546,0.30688584084083814
0.5555555555555556,0.31251055555555407
0.5565565565565566,0.3129850000000012
0.5575575575575575,0.31325415915915755
0.5585585585585585,0.3138804054054045
0.5595595595595596,0.3144066966966985
0.5605605605605606,0.3201400000000021
0.5615615615615616,0.32055000000000167
0.5625625625625625,0.32091578078078165
0.5635635635635635,0.321455860860862
0.5645645645645646,0.32698288288288246
0.5655655655655656,0.32738552052051784
0.5665665665665666,0.3328199999999981
0.5675675675675675,0.3337031981981964
0.5685685685685685,0.33402286786786917
0.5695695695695696,0.33957911411411246
0.5705705705705706,0.34024072072072364
0.5715715715715716,0.34560499999999994
0.5725725725725725,0.3459707057057049
0.5735735735735735,0.35142500000000076
0.5745745745745746,0.3521300000000016
0.5755755755755756,0.35748159159159076
0.5765765765765766,0.3629500000000041
0.5775775775775776,0.368153168168166
0.5785785785785785,0.36891499999999855
0.5795795795795796,0.3742515765765786
0.5805805805805806,0.3799071771771745
0.5815815815815816,0.3803361311311315
0.5825825825825826,0.3858903153153159
0.5835835835835835,0.386255000000002
0.5845845845845846,0.3867676426426403
0.5855855855855856,0.39229999999999876
0.5865865865865866,0.39263528028028016
0.5875875875875876,0.3932615465465483
0.5885885885885885,0.3937391891891906
0.5895895895895896,0.394015475475471
0.5905905905905906,0.3994199999999992
0.5915915915915916,0.3947865315315324
0.5925925925925926,0.4001177777777798
0.5935935935935935,0.3954490240240238
0.5945945945945946,0.39575999999999834
0.5955955955955956,0.39914319319319436
0.5965965965965966,0.39649357857857837
0.5975975975975976,0.39664702702702836
0.5985985985985985,0.3969247447447444
0.5995995995995996,0.3970430030030059
0.6006006006006006,0.3974050000000018
0.6016016016016016,0.39772798798798803
0.6026026026026026,0.3930555805804925
0.6036036036036035,0.3930720270270305
0.6046046046046046,0.3931105505505528
0.6056056056056056,0.39329397897898133
0.6066066066066066,0.39322999999999997
0.6076076076076076,0.3884935285285307
0.6086086086086087,0.3935227177177181
0.6096096096096096,0.3886339639639669
0.6106106106106106,0.38861000000000256
0.6116116116116116,0.3885885435435421
0.6126126126126126,0.3884984459459462
0.6136136136136137,0.388354999999998
0.6146146146146146,0.388376151151153
0.6156156156156156,0.38312355855855795
0.6166166166166166,0.3829922172172173
0.6176176176176176,0.3829949999999993
0.6186186186186187,0.3826098198198169
0.6196196196196196,0.37740499999999955
0.6206206206206206,0.37714999999999943
0.6216216216216216,0.3767639189189209
0.6226226226226226,0.37642915415415423
0.6236236236236237,0.3710100000000027
0.6246246246246246,0.3756903153153157
0.6256256256256256,0.37028254754754464
0.6266266266266266,0.36977015015014825
0.6276276276276276,0.3642399999999979
0.6286286286286287,0.36890499999999715
0.6296296296296297,0.3636550000000005
0.6306306306306306,0.3631699999999993
0.6316316316316316,0.3575449999999991
0.6326326326326326,0.3571373723723692
0.6336336336336337,0.3565327477477487
0.6346346346346347,0.35613788788788625
0.6356356356356356,0.3555936086086131
0.6366366366366366,0.35011261261261417
0.6376376376376376,0.3495817117117106
0.6386386386386387,0.34610198698697303
0.6396396396396397,0.3486400000000023
0.6406406406406406,0.3431527577577542
0.6416416416416416,0.3425300000000009
0.6426426426426426,0.33724593093093613
0.6436436436436437,0.3368350800800801
0.6446446446446447,0.33651874374374113
0.6456456456456456,0.3358902402402375
0.6466466466466466,0.3354800750750764
0.6476476476476476,0.3301286786786761
0.6486486486486487,0.3297375675675651
0.6496496496496497,0.3245307207207171
0.6506506506506506,0.32425499999999996
0.6516516516516516,0.32406411411411096
0.6526526526526526,0.32374000000000347
0.6536536536536537,0.31855387887887776
0.6546546546546547,0.31845000000000123
0.6556556556556556,0.3182562912912923
0.6566566566566566,0.31330499999999706
0.6576576576576576,0.31317878378378516
0.6586586586586587,0.31310630130130246
0.6596596596596597,0.3130500000000014
0.6606606606606606,0.3081987837837863
0.6616616616616616,0.30830815315315174
0.6626626626626626,0.3085400000000016
0.6636636636636637,0.3037894894894899
0.6646646646646647,0.3037050150150167
0.6656656656656657,0.2991085035035068
0.6666666666666666,0.299434999999999
0.6676676676676676,0.29976373873874085
0.6686686686686687,0.2998774924924952
0.6696696696696697,0.2952368918918902
0.6706706706706707,0.2957799999999988
0.6716716716716716,0.2960253803803825
0.6726726726726726,0.29159500000000005
0.6736736736736737,0.29180952452452225
0.6746746746746747,0.2923879679679686
0.6756756756756757,0.2877162162162161
0.6766766766766766,0.2883099999999983
0.6776776776776777,0.28905629129129196
0.6786786786786787,0.28954204204203915
0.6796796796796797,0.2850550000000007
0.6806806806806807,0.28566255255255246
0.6816816816816816,0.28138999999999914
0.6826826826826827,0.2819500000000019
0.6836836836836837,0.2827188138138137
0.6846846846846847,0.2781647297297285
0.6856856856856857,0.2789973573573601
0.6866866866866866,0.27984470470470146
0.6876876876876877,0.28046468468468255
0.6886886886886887,0.27630775775775884
0.6896896896896897,0.27689000000000075
0.6906906906906907,0.27754917417417424
0.6916916916916916,0.27331758758758706
0.6926926926926927,0.27429999999999843
0.6936936936936937,0.2701286486486465
0.6946946946946947,0.2758599999999989
0.6956956956956957,0.27163999999999966
0.6966966966966966,0.2724200000000021
0.6976976976976977,0.27328049049049064
0.6986986986986987,0.26910975975976026
0.6996996996996997,0.2699050000000014
0.7007007007007007,0.2657297447447471
0.7017017017017017,0.2716209559559557
0.7027027027027027,0.26740486486486414
0.7037037037037037,0.26821814814814715
0.7047047047047047,0.2641699999999991
0.7057057057057057,0.2649836336336353
0.7067067067067067,0.26570984984985113
0.7077077077077077,0.2665849999999992
0.7087087087087087,0.26244000000000156
0.7097097097097097,0.26336539539539405
0.7107107107107107,0.26425483483483614
0.7117117117117117,0.2600749999999996
0.7127127127127127,0.265902672672671
0.7137137137137137,0.2617049999999965
0.7147147147147147,0.26254018018017966
0.7157157157157157,0.2584900000000001
0.7167167167167167,0.26425768768768787
0.7177177177177178,0.26012855855855666
0.7187187187187187,0.26068480480480716
0.7197197197197197,0.25661203203203087
0.7207207207207207,0.2622521621621621
0.7217217217217217,0.25797645645645684
0.7227227227227228,0.25894307307307685
0.7237237237237237,0.25949966966967164
0.7247247247247247,0.2603122822822801
0.7257257257257257,0.25606499999999865
0.7267267267267267,0.2567699999999995
0.7277277277277278,0.2573460210210188
0.7287287287287287,0.2581972672672661
0.7297297297297297,0.2536776126126128
0.7307307307307307,0.25922
0.7317317317317317,0.25486060560560464
0.7327327327327328,0.25541000000000036
0.7337337337337337,0.25596500000000244
0.7347347347347347,0.25656974474474126
0.7357357357357357,0.2570142492492522
0.7367367367367368,0.2575091441441435
0.7377377377377378,0.2530499999999991
0.7387387387387387,0.25348774774774707
0.7397397397397397,0.2539659759759738
0.7407407407407407,0.2545699999999984
0.7417417417417418,0.2549850000000031
0.7427427427427428,0.25534844844844695
0.7437437437437437,0.25574692192192217
0.7447447447447447,0.25111720720720765
0.7457457457457457,0.2563784534534541
0.7467467467467468,0.25173078578578423
0.7477477477477478,0.2520699999999998
0.7487487487487487,0.2522221921921908
0.7497497497497497,0.25253881381381404
0.7507507507507507,0.25262999999999813
0.7517517517517518,0.25288999999999895
0.7527527527527528,0.2530092092092051
0.7537537537537538,0.25319157657657687
0.7547547547547547,0.2532299999999976
0.7557557557557557,0.25342408408408623
0.7567567567567568,0.25343702702702586
0.7577577577577578,0.25351988738739006
0.7587587587587588,0.25358034534534557
0.7597597597597597,0.24842770270270265
0.7607607607607607,0.2533693293293293
0.7617617617617618,0.2483550000000001
0.7627627627627628,0.25318866366366155
0.7637637637637638,0.2534067717717736
0.7647647647647647,0.24829045545545547
0.7657657657657657,0.25295319819819806
0.7667667667667668,0.2526649999999986
0.7677677677677678,0.24746761261261518
0.7687687687687688,0.2522382582582594
0.7697697697697697,0.24839477977972813
0.7707707707707707,0.2517849999999999
0.7717717717717718,0.25139132132132147
0.7727727727727728,0.25117210210210406
0.7737737737737738,0.250738473473473
0.7747747747747747,0.2504893918918949
0.7757757757757757,0.2502237612612612
0.7767767767767768,0.24979500000000154
0.7777777777777778,0.24939499999999892
0.7787787787787788,0.24876499999999968
0.7797797797797797,0.2483600000000008
0.7807807807807807,0.24788000000000032
0.7817817817817818,0.24738836336336778
0.7827827827827828,0.24673956456456203
0.7837837837837838,0.24621999999999922
0.7847847847847848,0.2455970570570587
0.7857857857857857,0.24506169669669564
0.7867867867867868,0.24946420420420168
0.7877877877877878,0.24883079579579803
0.7887887887887888,0.2483305630630639
0.7897897897897898,0.2476049999999974
0.7907907907907907,0.247059534534535
0.7917917917917918,0.24646156156156618
0.7927927927927928,0.24577202702702916
0.7937937937937938,0.245169999999999
0.7947947947947948,0.24461999999999762
0.7957957957957957,0.24873576576576628
0.7967967967967968,0.24292701201201528
0.7977977977977978,0.24234903403403063
0.7987987987987988,0.24666499999999925
0.7997997997997998,0.2461092492492467
0.8008008008008007,0.2452789939939981
0.8018018018018018,0.2443667567567509
0.8028028028028028,0.24364134634634826
0.8038038038038038,0.24300999999999906
0.8048048048048048,0.24237999999999982
0.8058058058058059,0.24145500000000375
0.8068068068068068,0.2407344744744755
0.8078078078078078,0.24020500000000222
0.8088088088088088,0.2444299999999977
0.8098098098098098,0.23868821321320954
0.8108108108108109,0.24314054054054512
0.8118118118118118,0.2422942942942985
0.8128128128128128,0.24175210710710715
0.8138138138138138,0.2412913963964014
0.8148148148148148,0.24057888888889156
0.8158158158158159,0.23988999999999816
0.8168168168168168,0.23925887387387323
0.8178178178178178,0.23869915415414944
0.8188188188188188,0.2381124674674684
0.8198198198198198,0.23768067567567552
0.8208208208208209,0.24204692192192567
0.8218218218218218,0.23632950450449997
0.8228228228228228,0.23573587837837806
0.8238238238238238,0.24049460460459748
0.8248248248248248,0.2348557207207147
0.8258258258258259,0.23428630630631275
0.8268268268268268,0.2390993993993984
0.8278278278278278,0.2336199999999966
0.8288288288288288,0.238184684684688
0.8298298298298298,0.23799686186186442
0.8308308308308309,0.23247999999999713
0.8318318318318318,0.23723288288287847
0.8328328328328328,0.23682063063062309
0.8338338338338338,0.231856246246247
0.8348348348348348,0.23651711711710988
0.8358358358358359,0.23141499999999482
0.8368368368368369,0.23619559559559633
0.8378378378378378,0.23601968468468293
0.8388388388388388,0.2309595945945908
0.8398398398398398,0.23585889389389436
0.8408408408408409,0.23086999999999414
0.8418418418418419,0.23083500000000257
0.8428428428428428,0.23082632132132908
0.8438438438438438,0.2310931981981934
0.8448448448448448,0.23109999999999964
0.8458458458458459,0.23128999999999955
0.8468468468468469,0.23147635135134514
0.8478478478478478,0.23173586586587192
0.8488488488488488,0.23199236236235876
0.8498498498498498,0.23238271771771402
0.8508508508508509,0.22772930930931246
0.8518518518518519,0.22805083333333087
0.8528528528528528,0.22848999999999897
0.8538538538538538,0.22891958458458816
0.8548548548548548,0.22945500000000507
0.8558558558558559,0.2299710810810751
0.8568568568568569,0.2257332132132106
0.8578578578578578,0.23133303303302988
0.8588588588588588,0.22708855855856136
0.8598598598598598,0.22776000000000352
0.8608608608608609,0.22774920920915598
0.8618618618618619,0.22948801801802254
0.8628628628628628,0.22538168668668312
0.8638638638638638,0.2261469869869881
0.8648648648648649,0.22672639639641723
0.8658658658658659,0.2281360060060056
0.8668668668668669,0.2242776326326279
0.8678678678678678,0.22548000000000457
0.8688688688688688,0.22664285785785943
0.8698698698698699,0.22298798798798813
0.8708708708708709,0.2242999999999995
0.8718718718718719,0.22559499999999844
0.8728728728728729,0.22688999999999737
0.8738738738738738,0.22326999999999764
0.8748748748748749,0.22478500000000068
0.8758758758758759,0.22137482982983236
0.8768768768768769,0.2229351351351383
0.8778778778778779,0.22452795795795844
0.8788788788788788,0.22128079579578852
0.8798798798798799,0.2229800000000015
0.8808808808808809,0.22472330330329804
0.8818818818818819,0.22162058558557796
0.8828828828828829,0.2235384234234239
0.8838838838838838,0.22038850850851333
0.8848848848848849,0.22243000000000457
0.8858858858858859,0.22446999999999662
0.8868868868868869,0.22135999999999711
0.8878878878878879,0.21838626126126748
0.8888888888888888,0.22047666666667354
0.8898898898898899,0.21762499999999463
0.8908908908908909,0.2199685485485503
0.8918918918918919,0.2222204054054
0.8928928928928929,0.2192767917917937
0.8938938938938938,0.22160760260260481
0.8948948948948949,0.22401414414414234
0.8958958958958959,0.22134539039038614
0.8968968968968969,0.21865252752752085
0.8978978978978979,0.22122500000000045
0.8988988988988988,0.21854020020019682
0.8998998998998999,0.22086744244244727
0.9009009009009009,0.2235134684684681
0.9019019019019019,0.2208412112112068
0.9029029029029029,0.2181899999999981
0.9039039039039038,0.2206353603603617
0.9049049049049049,0.2180932132132174
0.9059059059059059,0.2204957057057122
0.9069069069069069,0.2204533333333547
0.9079079079079079,0.22057151651651452
0.9089089089089089,0.21801500000000473
0.9099099099099099,0.2204250000000041
0.9109109109109109,0.21796408408408574
0.9119119119119119,0.22041830830830555
0.9129129129129129,0.22098451951953813
0.9139139139139139,0.22042296796796812
0.914914914914915,0.2178405355355384
0.9159159159159159,0.2202264414414401
0.9169169169169169,0.22257568568568864
0.9179179179179179,0.21998499999999588
0.9189189189189189,0.2223159459459545
0.91991991991992,0.21980499999999736
0.9209209209209209,0.21725654654654036
0.9219219219219219,0.21960159909910182
0.9229229229229229,0.2220399749749813
0.9239239239239239,0.21929000000000087
0.924924924924925,0.22169500000000397
0.9259259259259259,0.218682222222224
0.9269269269269269,0.22111644644644102
0.9279279279279279,0.22329554054054235
0.9289289289289289,0.22045761761762428
0.92992992992993,0.21770499999999693
0.9309309309309309,0.21994101351351603
0.9319319319319319,0.2221384934934889
0.9329329329329329,0.21909300300300139
0.933933933933934,0.22122500000000045
0.934934934934935,0.21851835835835942
0.9359359359359359,0.22016048048047132
0.9369369369369369,0.22226999999999997
0.9379379379379379,0.21902546546546553
0.938938938938939,0.22104897897897935
0.93993993993994,0.2178154504504537
0.9409409409409409,0.2196100000000012
0.9419419419419419,0.2214200000000055
0.9429429429429429,0.22323499999999719
0.943943943943944,0.22483000000000253
0.944944944944945,0.22142999999999802
0.9459459459459459,0.2229418918918924
0.9469469469469469,0.21959105105105792
0.9479479479479479,0.22099460960960826
0.948948948948949,0.2223470120120119
0.94994994994995,0.22363119619619454
0.950950950950951,0.2199593943943956
0.9519519519519519,0.22122183183183708
0.9529529529529529,0.2222592792792799
0.953953953953954,0.2234832582582591
0.954954954954955,0.22462499999999608
0.955955955955956,0.22049516516516654
0.9569569569569569,0.22126949449449818
0.9579579579579579,0.22213118618618743
0.958958958958959,0.22267499999999885
0.95995995995996,0.22335317317317305
0.960960960960961,0.21885500000000668
0.9619619619619619,0.2244899999999994
0.9629629629629629,0.2197190740740762
0.963963963963964,0.2198812162162156
0.964964964964965,0.2200631881881865
0.965965965965966,0.2201724524524451
0.9669669669669669,0.22517887387388136
0.9679679679679679,0.22010963963963626
0.968968968968969,0.2198716416416424
0.96996996996997,0.224359999999999
0.970970970970971,0.21883259759760243
0.9719719719719719,0.21838820320320806
0.9729729729729729,0.22255626126125527
0.973973973973974,0.22165019519518658
0.974974974974975,0.22080823323323173
0.975975975975976,0.21950408408408784
0.9769769769769769,0.21969797797791735
0.9779779779779779,0.21634367367367346
0.978978978978979,0.21977382882883312
0.97997997997998,0.21780515015015212
0.980980980980981,0.22071764264263827
0.9819819819819819,0.21838310810810668
0.9829829829829829,0.2157650000000011
0.983983983983984,0.2130352702702698
0.984984984984985,0.21500130630630387
0.985985985985986,0.21190255255254975
0.986986986986987,0.21337069819820087
0.9879879879879879,0.20954504504504534
0.988988988988989,0.21011999999999809
0.98998998998999,0.20570336836837733
0.990990990990991,0.20571756756757154
0.991991991991992,0.20043304804804762
0.992992992992993,0.1994700000000016
0.993993993993994,0.19786504504504698
0.994994994994995,0.1959562762762701
0.995995995995996,0.19305901401401648
0.996996996996997,0.18933126126126076
0.997997997997998,0.18427534034033854
0.998998998998999,0.17152750750750734
1.0,0.14696499999999446
