2021-10-21 10:20:18.119411,0.0,0,4.076188,0.0,0.0,24.5
2021-10-21 10:20:18.141582,0.02,0,4.076188,0.0,0.0,24.5
2021-10-21 10:20:18.508808,0.39,0,4.076218,0.0,0.0,24.0
2021-10-21 10:20:19.514264,1.39,0,4.076202,0.0,0.0,23.25
2021-10-21 10:20:20.529844,2.41,0,4.076202,0.0,0.0,24.75
2021-10-21 10:20:21.535311,3.42,0,4.076218,0.0,0.0,23.75
2021-10-21 10:20:22.540791,4.42,0,4.076246,0.0,0.0,23.25
2021-10-21 10:20:23.546276,5.43,0,4.076232,0.0,0.0,23.75
2021-10-21 10:20:24.561872,6.44,0,4.076246,0.0,0.0,23.75
2021-10-21 10:20:25.567327,7.45,0,4.076232,0.0,0.0,23.5
2021-10-21 10:20:26.582916,8.46,0,4.076232,0.0,0.0,23.5
2021-10-21 10:20:27.588375,9.47,0,4.076218,0.0,0.0,24.25
2021-10-21 10:20:28.593892,10.47,0,4.076232,0.0,0.0,23.75
2021-10-21 10:20:29.599362,11.48,0,4.076232,0.0,0.0,24.0
2021-10-21 10:20:30.604805,12.49,0,4.076218,0.0,0.0,23.5
2021-10-21 10:20:31.610278,13.49,0,4.076246,0.0,0.0,23.5
2021-10-21 10:20:32.620832,14.5,0,4.076232,0.0,0.0,24.0
2021-10-21 10:20:33.626301,15.51,0,4.076218,0.0,0.0,22.75
2021-10-21 10:20:34.636845,16.52,0,4.076246,0.0,0.0,22.5
2021-10-21 10:20:35.652431,17.53,0,4.076232,0.0,0.0,23.5
2021-10-21 10:20:36.657902,18.54,0,4.076218,0.0,0.0,23.75
2021-10-21 10:20:37.663388,19.54,0,4.076232,0.0,0.0,23.75
2021-10-21 10:20:38.668931,20.55,0,4.076232,0.0,0.0,23.5
2021-10-21 10:20:39.681848,21.56,0,4.076246,0.0,0.0,23.25
2021-10-21 10:20:40.702163,22.58,0,4.076246,0.0,0.0,23.5
2021-10-21 10:20:41.717788,23.6,0,4.076232,0.0,0.0,24.0
2021-10-21 10:20:42.734053,24.61,0,4.076246,0.0,0.0,23.75
2021-10-21 10:20:43.749566,25.63,0,4.076246,0.0,0.0,24.0
2021-10-21 10:20:44.755006,26.64,0,4.076202,0.0,0.0,23.75
2021-10-21 10:20:45.770385,27.65,0,4.076232,0.0,0.0,23.5
2021-10-21 10:20:46.780735,28.66,0,4.076232,0.0,0.0,23.25
2021-10-21 10:20:47.786210,29.67,0,4.076276,0.0,0.0,23.0
2021-10-21 10:20:48.791676,30.67,0,4.076232,0.0,0.0,23.5
2021-10-21 10:20:49.797152,31.68,0,4.076246,0.0,0.0,24.25
2021-10-21 10:20:50.812732,32.69,0,4.076246,0.0,0.0,23.5
2021-10-21 10:20:51.818185,33.7,0,4.076246,0.0,0.0,23.5
2021-10-21 10:20:52.823662,34.7,0,4.076262,0.0,0.0,23.5
2021-10-21 10:20:53.829120,35.71,0,4.076262,0.0,0.0,24.0
2021-10-21 10:20:54.844844,36.73,0,4.076262,0.0,0.0,23.5
2021-10-21 10:20:55.856228,37.74,0,4.076276,0.0,0.0,23.5
2021-10-21 10:20:56.866664,38.75,0,4.076276,0.0,0.0,23.5
2021-10-21 10:20:57.877341,39.76,0,4.076246,0.0,0.0,24.0
2021-10-21 10:20:58.893242,40.77,0,4.076246,0.0,0.0,22.5
2021-10-21 10:20:59.901967,41.78,0,4.076246,0.0,0.0,24.0
2021-10-21 10:21:00.912614,42.79,0,4.076262,0.0,0.0,23.75
2021-10-21 10:21:01.933493,43.81,0,4.076262,0.0,0.0,23.75
2021-10-21 10:21:02.949105,44.83,0,4.076276,0.0,0.0,23.75
2021-10-21 10:21:03.954647,45.84,0,4.076262,0.0,0.0,23.75
2021-10-21 10:21:04.960129,46.84,0,4.076246,0.0,0.0,24.0
2021-10-21 10:21:05.965613,47.85,0,4.076246,0.0,0.0,24.0
2021-10-21 10:21:06.971049,48.85,0,4.076246,0.0,0.0,23.5
2021-10-21 10:21:07.976587,49.86,0,4.076262,0.0,0.0,23.5
2021-10-21 10:21:08.982133,50.86,0,4.076262,0.0,0.0,23.75
2021-10-21 10:21:09.987660,51.87,0,4.076262,0.0,0.0,23.75
2021-10-21 10:21:10.993067,52.87,0,4.076276,0.0,0.0,24.0
2021-10-21 10:21:11.998580,53.88,0,4.076262,0.0,0.0,24.0
2021-10-21 10:21:13.004058,54.88,0,4.076276,0.0,0.0,24.0
2021-10-21 10:21:14.009558,55.89,0,4.076276,0.0,0.0,23.75
2021-10-21 10:21:15.015101,56.9,0,4.076246,0.0,0.0,23.75
2021-10-21 10:21:16.020509,57.9,0,4.076262,0.0,0.0,24.0
2021-10-21 10:21:17.026086,58.91,0,4.076262,0.0,0.0,23.75
2021-10-21 10:21:18.031523,59.91,1,3.893731,2.153133,0.30067216446125,23.25
2021-10-21 10:21:19.036972,60.92,1,3.76774,3.499567,1.090047381447361,24.0
2021-10-21 10:21:20.047486,61.93,1,3.760736,3.499511,2.072362146182361,23.25
2021-10-21 10:21:21.062998,62.94,1,3.755864,3.499583,3.0595376942556944,23.75
2021-10-21 10:21:22.068409,63.95,1,3.752043,3.499479,4.036889628211528,23.25
2021-10-21 10:21:23.073843,64.95,1,3.748756,3.499503,5.0142527487931945,24.0
2021-10-21 10:21:24.079315,65.96,1,3.745839,3.499487,5.991653925637639,23.0
2021-10-21 10:21:25.084826,66.97,1,3.743292,3.499455,6.9690863102712495,23.75
2021-10-21 10:21:26.090313,67.97,1,3.740922,3.499439,7.946488661851527,23.5
2021-10-21 10:21:27.095839,68.98,1,3.73876,3.499464,8.923930181015137,23.5
2021-10-21 10:21:28.101254,69.98,1,3.736717,3.499479,9.901269386063055,23.75
2021-10-21 10:21:29.106866,70.99,1,3.734762,3.499471,10.878801067646387,23.75
2021-10-21 10:21:30.122586,72.0,1,3.732985,3.499487,11.866159625946388,24.0
2021-10-21 10:21:31.127963,73.01,1,3.731519,3.499511,12.843469572091665,23.75
2021-10-21 10:21:32.143633,74.02,1,3.72986,3.499511,13.830788554694443,23.5
2021-10-21 10:21:33.159178,75.04,1,3.728276,3.499551,14.817991668415276,23.75
2021-10-21 10:21:34.164679,76.05,1,3.72678,3.499535,15.79543444231611,20.5
2021-10-21 10:21:35.170199,77.05,1,3.725359,3.499543,16.772894568782775,23.0
2021-10-21 10:21:36.185873,78.07,1,3.724011,3.499527,17.760224210891106,23.75
2021-10-21 10:21:37.191294,79.07,1,3.722678,3.499551,18.73758810003527,23.5
2021-10-21 10:21:38.196868,80.08,1,3.72136,3.499496,19.715096390032215,23.25
2021-10-21 10:21:39.202390,81.08,1,3.720131,3.499487,20.692545193383047,23.75
2021-10-21 10:21:40.207761,82.09,1,3.719005,3.499519,21.66985042410888,23.5
2021-10-21 10:21:41.223347,83.1,1,3.717806,3.499479,22.657084366168323,23.25
2021-10-21 10:21:42.228845,84.11,1,3.716681,3.499447,23.634501879383322,23.5
2021-10-21 10:21:43.234319,85.11,1,3.715585,3.499455,24.61189271126499,23.75
2021-10-21 10:21:44.239772,86.12,1,3.714519,3.499496,25.58926997234874,23.25
2021-10-21 10:21:45.255353,87.14,1,3.713482,3.499479,26.57649580977582,24.0
2021-10-21 10:21:46.260860,88.14,1,3.712401,3.499496,27.55392891468207,23.75
2021-10-21 10:21:47.266322,89.15,1,3.711453,3.499496,28.531320650002073,23.5
2021-10-21 10:21:48.271780,90.15,1,3.710447,3.499527,29.508712826048463,23.75
2021-10-21 10:21:49.277247,91.16,1,3.709602,3.499591,30.486127017452073,24.0
2021-10-21 10:21:50.282716,92.16,1,3.708654,3.499511,31.463540918679573,23.25
2021-10-21 10:21:51.288160,93.17,1,3.707736,3.499535,32.44092269734957,23.0
2021-10-21 10:21:52.293626,94.17,1,3.706833,3.499535,33.41832921354679,23.75
2021-10-21 10:21:53.296962,95.18,1,3.705959,3.499559,34.39366851598901,23.5
2021-10-21 10:21:54.304575,96.19,1,3.705071,3.499559,35.37316883339651,23.25
2021-10-21 10:21:55.310043,97.19,1,3.704212,3.499559,36.35058399689984,23.5
2021-10-21 10:21:56.315524,98.2,1,3.703383,3.499623,37.328020735308456,23.75
2021-10-21 10:21:57.320980,99.2,1,3.702568,3.499623,38.305442108388455,23.75
2021-10-21 10:21:58.326448,100.21,1,3.701754,3.499607,39.28287291250512,23.75
2021-10-21 10:21:59.331921,101.21,1,3.701028,3.499631,40.2603096943904,23.75
2021-10-21 10:22:00.337382,102.22,1,3.700302,3.499663,41.23774263113123,23.5
2021-10-21 10:22:01.342855,103.22,1,3.699532,3.499615,42.21518499897762,24.0
2021-10-21 10:22:02.348319,104.23,1,3.698837,3.499679,43.192620852090954,23.5
2021-10-21 10:22:03.363916,105.24,1,3.698066,3.499607,44.17990611094401,23.25
2021-10-21 10:22:04.369385,106.25,1,3.697326,3.499647,45.157341238739285,23.75
2021-10-21 10:22:05.384965,107.27,1,3.69663,3.499615,46.14460658623373,23.75
2021-10-21 10:22:06.390423,108.27,1,3.695934,3.499575,47.12202208331984,23.75
2021-10-21 10:22:07.395889,109.28,1,3.695253,3.499607,48.09944424009929,24.0
2021-10-21 10:22:08.401346,110.28,1,3.694586,3.499607,49.07686211659901,24.0
2021-10-21 10:22:09.406801,111.29,1,3.693905,3.499599,50.0542769317004,24.0
2021-10-21 10:22:10.412291,112.29,1,3.693253,3.499615,51.03172688793096,24.0
2021-10-21 10:22:11.417753,113.3,1,3.692602,3.499599,52.009149624995956,23.5
2021-10-21 10:22:12.423193,114.3,1,3.69198,3.499647,52.98655544419596,23.5
2021-10-21 10:22:13.428700,115.31,1,3.691358,3.499575,53.96402304357846,23.5
2021-10-21 10:22:14.434116,116.31,1,3.690721,3.499607,54.94139659492735,23.75
2021-10-21 10:22:15.449706,117.33,1,3.690159,3.499575,55.92866037928568,24.0
2021-10-21 10:22:16.455167,118.34,1,3.689552,3.499567,56.90607208962763,23.5
2021-10-21 10:22:17.470745,119.35,1,3.688959,3.499559,57.89331630974263,24.25
2021-10-21 10:22:18.476199,120.36,1,3.688352,3.499599,58.87072344970541,24.0
2021-10-21 10:22:19.481677,121.36,1,3.687848,3.499631,59.84816397497485,23.5
2021-10-21 10:22:20.487116,122.37,1,3.6873,3.499631,60.82557105636624,24.0
2021-10-21 10:22:21.502697,123.38,1,3.686693,3.499559,61.81282722017041,23.25
2021-10-21 10:22:22.508167,124.39,1,3.686131,3.499615,62.790252148195414,23.5
2021-10-21 10:22:23.523729,125.4,1,3.685598,3.499591,63.7774920987193,24.0
2021-10-21 10:22:24.529187,126.41,1,3.685094,3.499567,64.75490312710319,23.5
2021-10-21 10:22:25.544768,127.43,1,3.684546,3.499551,65.74214913509736,24.0
2021-10-21 10:22:26.560343,128.44,1,3.684013,3.499615,66.7293960809932,23.75
2021-10-21 10:22:27.575936,129.46,1,3.683465,3.499559,67.71666165324069,23.75
2021-10-21 10:22:28.581390,130.46,1,3.682946,3.499615,68.69407102754569,23.5
2021-10-21 10:22:29.586852,131.47,1,3.682443,3.499583,69.67149153025069,23.75
2021-10-21 10:22:30.597449,132.48,1,3.681925,3.499551,70.65389483900042,23.75
2021-10-21 10:22:31.597992,133.48,1,3.681422,3.499575,71.62652352308625,23.75
2021-10-21 10:22:32.608399,134.49,1,3.680918,3.499559,72.60874213246653,24.25
2021-10-21 10:22:33.613897,135.49,1,3.680444,3.499535,73.58618310730154,24.0
2021-10-21 10:22:34.619367,136.5,1,3.679941,3.499535,74.56359351187098,24.0
2021-10-21 10:22:35.624853,137.51,1,3.679482,3.499543,75.54102058713598,23.75
2021-10-21 10:22:36.630318,138.51,1,3.679008,3.499535,76.51842724842348,23.75
2021-10-21 10:22:37.635801,139.52,1,3.678519,3.499511,77.49584693859265,24.0
2021-10-21 10:22:38.641272,140.52,1,3.678046,3.499496,78.4732495173839,23.75
2021-10-21 10:22:39.646746,141.53,1,3.677571,3.499479,79.45065054365475,24.0
2021-10-21 10:22:40.652229,142.53,1,3.677083,3.499543,80.42806688221391,24.0
2021-10-21 10:22:41.657704,143.54,1,3.676609,3.499479,81.40547544408197,24.0
2021-10-21 10:22:42.668254,144.55,1,3.676165,3.499567,82.38782071287363,24.0
2021-10-21 10:22:43.683843,145.56,1,3.675676,3.499503,83.37506772707225,23.75
2021-10-21 10:22:44.689306,146.57,1,3.675217,3.499551,84.35246909262808,23.5
2021-10-21 10:22:45.704908,147.59,1,3.674787,3.499575,85.33973664316308,23.5
2021-10-21 10:22:46.710365,148.59,1,3.674313,3.499527,86.31713887922058,24.0
2021-10-21 10:22:47.715847,149.6,1,3.673884,3.499503,87.29455536289558,24.0
2021-10-21 10:22:48.721326,150.6,1,3.673484,3.499559,88.27197339910363,23.75
2021-10-21 10:22:49.726797,151.61,1,3.67304,3.499527,89.24938701014612,24.0
2021-10-21 10:22:50.732292,152.61,1,3.672611,3.499575,90.22682618590862,24.0
2021-10-21 10:22:51.737766,153.62,1,3.672166,3.499503,91.20424159604362,23.5
2021-10-21 10:22:52.743239,154.62,1,3.671737,3.499551,92.18165268250779,24.0
2021-10-21 10:22:53.748714,155.63,1,3.671293,3.499543,93.15907129912584,24.0
2021-10-21 10:22:54.759236,156.64,1,3.670878,3.499551,94.14139608621862,24.0
2021-10-21 10:22:55.764715,157.65,1,3.670478,3.499567,95.1188219428189,23.5
2021-10-21 10:22:56.770175,158.65,1,3.670004,3.499535,96.0962270951689,23.75
2021-10-21 10:22:57.775622,159.66,1,3.66959,3.499615,97.0736263132314,23.75
2021-10-21 10:22:58.791211,160.67,1,3.66919,3.499599,98.06089363921001,23.75
2021-10-21 10:22:59.796654,161.68,1,3.668775,3.499591,99.03829455465029,24.0
2021-10-21 10:23:00.812270,162.69,1,3.66836,3.499543,100.02557684305918,24.0
2021-10-21 10:23:01.817738,163.7,1,3.667916,3.499496,101.00298097434418,23.75
2021-10-21 10:23:02.833329,164.71,1,3.667516,3.499496,101.99021893049307,24.0
2021-10-21 10:23:03.848904,165.73,1,3.667116,3.499527,102.977445705941,24.25
2021-10-21 10:23:04.854378,166.73,1,3.666687,3.499464,103.95484896659849,23.5
2021-10-21 10:23:05.869962,167.75,1,3.666287,3.499503,104.94207659183849,23.75
2021-10-21 10:23:06.875433,168.76,1,3.665947,3.499503,105.91947903098098,24.0
2021-10-21 10:23:07.880903,169.76,1,3.665547,3.499511,106.8968816152282,24.0
2021-10-21 10:23:08.891449,170.77,1,3.665132,3.499464,107.87921303055458,23.75
2021-10-21 10:23:09.896905,171.78,1,3.664717,3.499519,108.85659767656125,23.75
2021-10-21 10:23:10.902377,172.78,1,3.664332,3.499527,109.83400667374347,23.75
2021-10-21 10:23:11.907846,173.79,1,3.663918,3.499583,110.81142169215875,23.75
2021-10-21 10:23:12.913319,174.79,1,3.663503,3.499647,111.7888573568518,23.75
2021-10-21 10:23:13.918779,175.8,1,3.663103,3.499615,112.76628485275737,23.75
2021-10-21 10:23:14.924241,176.8,1,3.662688,3.499575,113.74370423828236,23.5
2021-10-21 10:23:15.929713,177.81,1,3.662304,3.499615,114.72113334490459,23.75
2021-10-21 10:23:16.940249,178.82,1,3.661918,3.499567,115.70348409234236,24.25
2021-10-21 10:23:17.945723,179.83,1,3.661519,3.499567,116.68090732283069,23.75
2021-10-21 10:23:18.951179,180.83,0,3.960473,0.0,117.16961018915735,24.5
2021-10-21 10:23:19.956657,181.84,0,3.967212,0.0,117.16961018915735,24.0
2021-10-21 10:23:20.962140,182.84,0,3.972142,0.0,117.16961018915735,23.75
2021-10-21 10:23:21.967597,183.85,0,3.975934,0.0,117.16961018915735,23.75
2021-10-21 10:23:22.973063,184.85,0,3.97891,0.0,117.16961018915735,24.0
2021-10-21 10:23:23.978565,185.86,0,3.981472,0.0,117.16961018915735,23.75
2021-10-21 10:23:24.984032,186.86,0,3.983752,0.0,117.16961018915735,24.0
2021-10-21 10:23:25.989556,187.87,0,3.985767,0.0,117.16961018915735,24.0
2021-10-21 10:23:26.995015,188.88,0,3.987558,0.0,117.16961018915735,23.5
2021-10-21 10:23:28.000464,189.88,0,3.989247,0.0,117.16961018915735,24.0
2021-10-21 10:23:29.005926,190.89,0,3.990846,0.0,117.16961018915735,24.0
2021-10-21 10:23:30.021541,191.9,0,3.992268,0.0,117.16961018915735,24.5
2021-10-21 10:23:31.027018,192.91,0,3.99363,0.0,117.16961018915735,23.75
2021-10-21 10:23:32.032490,193.91,0,3.994933,0.0,117.16961018915735,23.5
2021-10-21 10:23:33.037927,194.92,0,3.996118,0.0,117.16961018915735,23.75
2021-10-21 10:23:34.043391,195.92,0,3.997258,0.0,117.16961018915735,21.25
2021-10-21 10:23:35.048861,196.93,0,3.998325,0.0,117.16961018915735,24.0
2021-10-21 10:23:36.054328,197.93,0,3.999272,0.0,117.16961018915735,24.25
2021-10-21 10:23:37.059812,198.94,0,4.000278,0.0,117.16961018915735,23.75
2021-10-21 10:23:38.065382,199.95,0,4.001257,0.0,117.16961018915735,23.25
2021-10-21 10:23:39.070827,200.95,0,4.002159,0.0,117.16961018915735,23.75
2021-10-21 10:23:40.086319,201.97,0,4.003063,0.0,117.16961018915735,23.75
2021-10-21 10:23:41.101910,202.98,0,4.003892,0.0,117.16961018915735,23.75
2021-10-21 10:23:42.107398,203.99,0,4.004722,0.0,117.16961018915735,24.0
2021-10-21 10:23:43.112848,204.99,0,4.005507,0.0,117.16961018915735,23.75
2021-10-21 10:23:44.118312,206.0,0,4.006291,0.0,117.16961018915735,23.75
2021-10-21 10:23:45.123774,207.0,0,4.007002,0.0,117.16961018915735,23.75
2021-10-21 10:23:46.129239,208.01,0,4.007713,0.0,117.16961018915735,24.25
2021-10-21 10:23:47.134697,209.02,0,4.008409,0.0,117.16961018915735,23.75
2021-10-21 10:23:48.140176,210.02,0,4.009075,0.0,117.16961018915735,24.0
2021-10-21 10:23:49.145630,211.03,0,4.009727,0.0,117.16961018915735,24.0
2021-10-21 10:23:50.161220,212.04,0,4.010364,0.0,117.16961018915735,23.5
2021-10-21 10:23:51.166671,213.05,0,4.010912,0.0,117.16961018915735,24.25
2021-10-21 10:23:52.182268,214.06,0,4.011475,0.0,117.16961018915735,24.0
2021-10-21 10:23:53.187721,215.07,0,4.012112,0.0,117.16961018915735,24.25
2021-10-21 10:23:54.196943,216.08,0,4.012659,0.0,117.16961018915735,23.25
2021-10-21 10:23:55.198671,217.08,0,4.013222,0.0,117.16961018915735,23.75
2021-10-21 10:23:56.204113,218.08,0,4.013755,0.0,117.16961018915735,23.75
2021-10-21 10:23:57.209583,219.09,0,4.014274,0.0,117.16961018915735,23.75
2021-10-21 10:23:58.215050,220.1,0,4.014791,0.0,117.16961018915735,23.75
2021-10-21 10:23:59.230645,221.11,0,4.015325,0.0,117.16961018915735,24.0
2021-10-21 10:24:00.236114,222.12,0,4.015813,0.0,117.16961018915735,24.0
2021-10-21 10:24:01.241585,223.12,0,4.016287,0.0,117.16961018915735,23.75
2021-10-21 10:24:02.247050,224.13,0,4.016775,0.0,117.16961018915735,23.75
2021-10-21 10:24:03.252507,225.13,0,4.017264,0.0,117.16961018915735,23.75
2021-10-21 10:24:04.268101,226.15,0,4.017709,0.0,117.16961018915735,23.75
2021-10-21 10:24:05.283662,227.16,0,4.018183,0.0,117.16961018915735,24.0
2021-10-21 10:24:06.289132,228.17,0,4.018598,0.0,117.16961018915735,24.0
2021-10-21 10:24:07.294597,229.18,0,4.019027,0.0,117.16961018915735,23.5
2021-10-21 10:24:08.300089,230.18,0,4.019426,0.0,117.16961018915735,23.75
2021-10-21 10:24:09.305528,231.19,0,4.019841,0.0,117.16961018915735,23.5
2021-10-21 10:24:10.321112,232.2,0,4.020226,0.0,117.16961018915735,24.0
2021-10-21 10:24:11.326575,233.21,0,4.020597,0.0,117.16961018915735,24.5
2021-10-21 10:24:12.332052,234.21,0,4.021011,0.0,117.16961018915735,24.25
2021-10-21 10:24:13.337499,235.22,0,4.021381,0.0,117.16961018915735,24.25
2021-10-21 10:24:14.353067,236.23,0,4.021751,0.0,117.16961018915735,23.75
2021-10-21 10:24:15.358527,237.24,0,4.022137,0.0,117.16961018915735,23.5
2021-10-21 10:24:16.363996,238.24,0,4.022477,0.0,117.16961018915735,24.0
2021-10-21 10:24:17.369454,239.25,0,4.022818,0.0,117.16961018915735,24.0
2021-10-21 10:24:18.385028,240.27,0,4.023173,0.0,117.16961018915735,24.0
2021-10-21 10:24:19.390494,241.27,0,4.023528,0.0,117.16961018915735,24.25
2021-10-21 10:24:20.395939,242.28,0,4.023839,0.0,117.16961018915735,24.0
2021-10-21 10:24:21.401417,243.28,0,4.024165,0.0,117.16961018915735,23.75
2021-10-21 10:24:22.406877,244.29,0,4.024506,0.0,117.16961018915735,24.0
2021-10-21 10:24:23.412345,245.29,0,4.024817,0.0,117.16961018915735,24.25
2021-10-21 10:24:24.427914,246.31,0,4.025113,0.0,117.16961018915735,24.0
2021-10-21 10:24:25.433394,247.31,0,4.025394,0.0,117.16961018915735,24.25
2021-10-21 10:24:26.438870,248.32,0,4.02572,0.0,117.16961018915735,24.5
2021-10-21 10:24:27.444326,249.32,0,4.026031,0.0,117.16961018915735,24.0
2021-10-21 10:24:28.449802,250.33,0,4.026342,0.0,117.16961018915735,24.0
2021-10-21 10:24:29.455260,251.34,0,4.026579,0.0,117.16961018915735,23.5
2021-10-21 10:24:30.460725,252.34,0,4.026875,0.0,117.16961018915735,24.0
2021-10-21 10:24:31.466193,253.35,0,4.027157,0.0,117.16961018915735,23.0
2021-10-21 10:24:32.471655,254.35,0,4.027438,0.0,117.16961018915735,24.0
2021-10-21 10:24:33.477121,255.36,0,4.027704,0.0,117.16961018915735,24.0
2021-10-21 10:24:34.482598,256.36,0,4.027942,0.0,117.16961018915735,23.75
2021-10-21 10:24:35.498225,257.38,0,4.028178,0.0,117.16961018915735,23.75
2021-10-21 10:24:36.503690,258.38,0,4.02846,0.0,117.16961018915735,23.75
2021-10-21 10:24:37.509150,259.39,0,4.028741,0.0,117.16961018915735,24.25
2021-10-21 10:24:38.514615,260.4,0,4.028963,0.0,117.16961018915735,24.0
2021-10-21 10:24:39.520116,261.4,0,4.029229,0.0,117.16961018915735,24.0
2021-10-21 10:24:40.535736,262.42,0,4.029481,0.0,117.16961018915735,24.5
2021-10-21 10:24:41.551304,263.43,0,4.029704,0.0,117.16961018915735,24.25
2021-10-21 10:24:42.556919,264.44,0,4.029911,0.0,117.16961018915735,24.0
2021-10-21 10:24:43.562395,265.44,0,4.030163,0.0,117.16961018915735,24.25
2021-10-21 10:24:44.567819,266.45,0,4.03037,0.0,117.16961018915735,24.25
2021-10-21 10:24:45.583471,267.46,0,4.030577,0.0,117.16961018915735,24.25
2021-10-21 10:24:46.589084,268.47,0,4.0308,0.0,117.16961018915735,24.0
2021-10-21 10:24:47.594431,269.48,0,4.031007,0.0,117.16961018915735,24.0
2021-10-21 10:24:48.599912,270.48,0,4.031243,0.0,117.16961018915735,24.5
2021-10-21 10:24:49.610467,271.49,0,4.031466,0.0,117.16961018915735,24.25
2021-10-21 10:24:50.615902,272.5,0,4.031643,0.0,117.16961018915735,24.0
2021-10-21 10:24:51.621458,273.5,0,4.031866,0.0,117.16961018915735,24.0
2021-10-21 10:24:52.626884,274.51,0,4.032073,0.0,117.16961018915735,24.0
2021-10-21 10:24:53.632457,275.51,0,4.03225,0.0,117.16961018915735,24.25
2021-10-21 10:24:54.637912,276.52,0,4.032457,0.0,117.16961018915735,24.0
2021-10-21 10:24:55.643492,277.52,0,4.032665,0.0,117.16961018915735,24.25
2021-10-21 10:24:56.648875,278.53,0,4.032843,0.0,117.16961018915735,24.25
2021-10-21 10:24:57.654408,279.54,0,4.03299,0.0,117.16961018915735,24.25
2021-10-21 10:24:58.659878,280.54,0,4.033198,0.0,117.16961018915735,24.25
2021-10-21 10:24:59.665458,281.55,0,4.033376,0.0,117.16961018915735,24.25
2021-10-21 10:25:00.670876,282.55,0,4.033568,0.0,117.16961018915735,24.0
2021-10-21 10:25:01.676462,283.56,0,4.033717,0.0,117.16961018915735,24.25
2021-10-21 10:25:02.682175,284.56,0,4.033924,0.0,117.16961018915735,24.0
2021-10-21 10:25:03.698129,285.58,0,4.034072,0.0,117.16961018915735,23.75
2021-10-21 10:25:04.703570,286.58,0,4.034235,0.0,117.16961018915735,24.0
2021-10-21 10:25:05.709037,287.59,0,4.034412,0.0,117.16961018915735,24.0
2021-10-21 10:25:06.714640,288.6,0,4.03459,0.0,117.16961018915735,24.75
2021-10-21 10:25:07.719997,289.6,0,4.034754,0.0,117.16961018915735,24.0
2021-10-21 10:25:08.725470,290.61,0,4.034916,0.0,117.16961018915735,24.25
2021-10-21 10:25:09.730945,291.61,0,4.035049,0.0,117.16961018915735,24.25
2021-10-21 10:25:10.736424,292.62,0,4.035242,0.0,117.16961018915735,24.0
2021-10-21 10:25:11.741946,293.62,0,4.03539,0.0,117.16961018915735,24.25
2021-10-21 10:25:12.747414,294.63,0,4.035523,0.0,117.16961018915735,24.25
2021-10-21 10:25:13.752944,295.63,0,4.035671,0.0,117.16961018915735,24.0
2021-10-21 10:25:14.758427,296.64,0,4.03582,0.0,117.16961018915735,23.75
2021-10-21 10:25:15.774117,297.65,0,4.035938,0.0,117.16961018915735,23.75
2021-10-21 10:25:16.792261,298.67,0,4.036101,0.0,117.16961018915735,24.0
2021-10-21 10:25:17.797713,299.68,0,4.036234,0.0,117.16961018915735,24.0
2021-10-21 10:25:18.813307,300.69,0,4.036352,0.0,117.16961018915735,23.75
2021-10-21 10:25:19.818775,301.7,0,4.03653,0.0,117.16961018915735,24.0
2021-10-21 10:25:20.824284,302.7,0,4.036649,0.0,117.16961018915735,24.0
2021-10-21 10:25:21.834843,303.72,0,4.036797,0.0,117.16961018915735,24.0
2021-10-21 10:25:22.840350,304.72,0,4.036885,0.0,117.16961018915735,24.0
2021-10-21 10:25:23.855969,305.74,0,4.037048,0.0,117.16961018915735,24.0
2021-10-21 10:25:24.871545,306.75,0,4.037152,0.0,117.16961018915735,24.0
2021-10-21 10:25:25.887140,307.77,0,4.037315,0.0,117.16961018915735,24.25
2021-10-21 10:25:26.902741,308.78,0,4.037434,0.0,117.16961018915735,24.25
2021-10-21 10:25:27.918650,309.8,0,4.037552,0.0,117.16961018915735,23.75
2021-10-21 10:25:28.934310,310.81,0,4.037685,0.0,117.16961018915735,23.75
2021-10-21 10:25:29.949991,311.83,0,4.037789,0.0,117.16961018915735,24.0
2021-10-21 10:25:30.955439,312.84,0,4.037922,0.0,117.16961018915735,24.0
2021-10-21 10:25:31.960949,313.84,0,4.038055,0.0,117.16961018915735,23.75
2021-10-21 10:25:32.966434,314.85,0,4.038144,0.0,117.16961018915735,24.0
2021-10-21 10:25:33.971907,315.85,0,4.038234,0.0,117.16961018915735,22.75
2021-10-21 10:25:34.977484,316.86,0,4.038382,0.0,117.16961018915735,23.75
2021-10-21 10:25:35.982950,317.86,0,4.038485,0.0,117.16961018915735,24.0
2021-10-21 10:25:36.988422,318.87,0,4.038574,0.0,117.16961018915735,23.75
2021-10-21 10:25:38.004065,319.88,0,4.038692,0.0,117.16961018915735,24.0
2021-10-21 10:25:39.009626,320.89,0,4.038781,0.0,117.16961018915735,24.0
2021-10-21 10:25:40.015039,321.9,0,4.038899,0.0,117.16961018915735,23.75
2021-10-21 10:25:41.020540,322.9,0,4.038988,0.0,117.16961018915735,24.25
2021-10-21 10:25:42.026195,323.91,0,4.039092,0.0,117.16961018915735,24.0
2021-10-21 10:25:43.032739,324.91,0,4.039182,0.0,117.16961018915735,24.0
2021-10-21 10:25:44.048336,325.93,0,4.039314,0.0,117.16961018915735,24.0
2021-10-21 10:25:45.063918,326.94,0,4.039389,0.0,117.16961018915735,23.5
2021-10-21 10:25:46.069388,327.95,0,4.039477,0.0,117.16961018915735,24.0
2021-10-21 10:25:47.085018,328.97,0,4.039566,0.0,117.16961018915735,24.0
2021-10-21 10:25:48.100559,329.98,0,4.039655,0.0,117.16961018915735,24.0
2021-10-21 10:25:49.106027,330.99,0,4.039759,0.0,117.16961018915735,23.5
2021-10-21 10:25:50.111509,331.99,0,4.039832,0.0,117.16961018915735,23.75
2021-10-21 10:25:51.117027,333.0,0,4.039951,0.0,117.16961018915735,23.75
2021-10-21 10:25:52.132175,334.01,0,4.040025,0.0,117.16961018915735,24.0
2021-10-21 10:25:53.152752,335.03,0,4.040144,0.0,117.16961018915735,23.75
2021-10-21 10:25:54.158243,336.04,0,4.040203,0.0,117.16961018915735,23.75
2021-10-21 10:25:55.163780,337.04,0,4.040277,0.0,117.16961018915735,24.25
2021-10-21 10:25:56.169255,338.05,0,4.040351,0.0,117.16961018915735,24.25
2021-10-21 10:25:57.174721,339.06,0,4.04044,0.0,117.16961018915735,23.5
2021-10-21 10:25:58.180266,340.06,0,4.040544,0.0,117.16961018915735,24.0
2021-10-21 10:25:59.185678,341.07,0,4.040603,0.0,117.16961018915735,24.0
2021-10-21 10:26:00.191161,342.07,0,4.040691,0.0,117.16961018915735,23.75
2021-10-21 10:26:01.196623,343.08,0,4.040766,0.0,117.16961018915735,24.25
2021-10-21 10:26:02.208984,344.09,0,4.040854,0.0,117.16961018915735,23.75
2021-10-21 10:26:03.217784,345.1,0,4.040929,0.0,117.16961018915735,24.0
2021-10-21 10:26:04.223177,346.1,0,4.041002,0.0,117.16961018915735,24.0
2021-10-21 10:26:05.238768,347.12,0,4.041077,0.0,117.16961018915735,24.0
2021-10-21 10:26:06.247181,348.13,0,4.041136,0.0,117.16961018915735,24.0
2021-10-21 10:26:07.262786,349.14,0,4.041224,0.0,117.16961018915735,24.0
2021-10-21 10:26:08.273815,350.15,0,4.041284,0.0,117.16961018915735,24.0
2021-10-21 10:26:09.279255,351.16,0,4.041328,0.0,117.16961018915735,23.75
2021-10-21 10:26:10.284717,352.17,0,4.041417,0.0,117.16961018915735,24.0
2021-10-21 10:26:11.290177,353.17,0,4.041476,0.0,117.16961018915735,23.75
2021-10-21 10:26:12.295654,354.18,0,4.041535,0.0,117.16961018915735,23.75
2021-10-21 10:26:13.311231,355.19,0,4.04158,0.0,117.16961018915735,23.75
2021-10-21 10:26:14.316923,356.2,0,4.041654,0.0,117.16961018915735,24.0
2021-10-21 10:26:15.322365,357.2,0,4.041728,0.0,117.16961018915735,23.75
2021-10-21 10:26:16.327936,358.21,0,4.041802,0.0,117.16961018915735,23.75
2021-10-21 10:26:17.333335,359.21,0,4.041862,0.0,117.16961018915735,24.0
2021-10-21 10:26:18.338768,360.22,0,4.04195,0.0,117.16961018915735,24.25
2021-10-21 10:26:19.344333,361.22,0,4.04198,0.0,117.16961018915735,24.0
2021-10-21 10:26:20.345501,362.23,0,4.042054,0.0,117.16961018915735,23.5
2021-10-21 10:26:21.355762,363.24,0,4.042098,0.0,117.16961018915735,23.75
2021-10-21 10:26:22.361233,364.24,0,4.042143,0.0,117.16961018915735,23.75
2021-10-21 10:26:23.366702,365.25,0,4.042187,0.0,117.16961018915735,24.0
2021-10-21 10:26:24.372224,366.25,0,4.042276,0.0,117.16961018915735,23.75
2021-10-21 10:26:25.387803,367.27,0,4.042306,0.0,117.16961018915735,23.75
2021-10-21 10:26:26.393272,368.27,0,4.042395,0.0,117.16961018915735,24.0
2021-10-21 10:26:27.398795,369.28,0,4.042439,0.0,117.16961018915735,24.25
2021-10-21 10:26:28.404238,370.28,0,4.042483,0.0,117.16961018915735,24.5
2021-10-21 10:26:29.409730,371.29,0,4.042542,0.0,117.16961018915735,24.0
2021-10-21 10:26:30.420369,372.3,0,4.042587,0.0,117.16961018915735,24.25
2021-10-21 10:26:31.425829,373.31,0,4.042662,0.0,117.16961018915735,24.0
2021-10-21 10:26:32.441457,374.32,0,4.04272,0.0,117.16961018915735,24.0
2021-10-21 10:26:33.457104,375.34,0,4.042765,0.0,117.16961018915735,23.75
2021-10-21 10:26:34.462570,376.34,0,4.042794,0.0,117.16961018915735,23.5
2021-10-21 10:26:35.468088,377.35,0,4.042853,0.0,117.16961018915735,22.0
2021-10-21 10:26:36.473510,378.35,0,4.042883,0.0,117.16961018915735,24.5
2021-10-21 10:26:37.478973,379.36,0,4.042928,0.0,117.16961018915735,24.0
2021-10-21 10:26:38.494610,380.38,0,4.042973,0.0,117.16961018915735,24.0
2021-10-21 10:26:39.499999,381.38,0,4.043001,0.0,117.16961018915735,24.0
2021-10-21 10:26:40.505472,382.39,0,4.043046,0.0,117.16961018915735,24.0
2021-10-21 10:26:41.510995,383.39,0,4.043105,0.0,117.16961018915735,24.25
2021-10-21 10:26:42.516411,384.4,0,4.04315,0.0,117.16961018915735,24.25
2021-10-21 10:26:43.521903,385.4,0,4.043195,0.0,117.16961018915735,24.0
2021-10-21 10:26:44.527454,386.41,0,4.043224,0.0,117.16961018915735,24.25
2021-10-21 10:26:45.532912,387.41,0,4.043239,0.0,117.16961018915735,24.0
2021-10-21 10:26:46.538335,388.42,0,4.043312,0.0,117.16961018915735,24.0
2021-10-21 10:26:47.554146,389.43,0,4.043343,0.0,117.16961018915735,23.75
2021-10-21 10:26:48.569730,390.45,0,4.043372,0.0,117.16961018915735,24.0
2021-10-21 10:26:49.575152,391.46,0,4.043416,0.0,117.16961018915735,24.5
2021-10-21 10:26:50.591494,392.47,0,4.043476,0.0,117.16961018915735,23.5
2021-10-21 10:26:51.601770,393.48,0,4.043506,0.0,117.16961018915735,24.25
2021-10-21 10:26:52.612284,394.49,0,4.04355,0.0,117.16961018915735,24.0
2021-10-21 10:26:53.628072,395.51,0,4.043579,0.0,117.16961018915735,23.75
2021-10-21 10:26:54.633518,396.51,0,4.043609,0.0,117.16961018915735,23.75
2021-10-21 10:26:55.649351,397.53,0,4.043668,0.0,117.16961018915735,24.0
2021-10-21 10:26:56.660557,398.54,0,4.043728,0.0,117.16961018915735,24.0
2021-10-21 10:26:57.665926,399.55,0,4.043728,0.0,117.16961018915735,23.75
2021-10-21 10:26:58.681969,400.56,0,4.043786,0.0,117.16961018915735,24.0
2021-10-21 10:26:59.692594,401.57,0,4.043816,0.0,117.16961018915735,24.0
2021-10-21 10:27:00.698122,402.58,0,4.043831,0.0,117.16961018915735,24.0
2021-10-21 10:27:01.715329,403.6,0,4.043876,0.0,117.16961018915735,24.25
2021-10-21 10:27:02.731501,404.61,0,4.04389,0.0,117.16961018915735,24.0
2021-10-21 10:27:03.736688,405.62,0,4.043935,0.0,117.16961018915735,24.0
2021-10-21 10:27:04.752293,406.63,0,4.043949,0.0,117.16961018915735,23.75
2021-10-21 10:27:05.767991,407.65,0,4.043994,0.0,117.16961018915735,24.0
2021-10-21 10:27:06.773410,408.65,0,4.044053,0.0,117.16961018915735,23.75
2021-10-21 10:27:07.779086,409.66,0,4.044053,0.0,117.16961018915735,24.0
2021-10-21 10:27:08.784656,410.67,0,4.044067,0.0,117.16961018915735,24.25
2021-10-21 10:27:09.800955,411.68,0,4.044127,0.0,117.16961018915735,23.75
2021-10-21 10:27:10.816487,412.7,0,4.044127,0.0,117.16961018915735,24.25
2021-10-21 10:27:11.832670,413.71,0,4.044157,0.0,117.16961018915735,24.25
2021-10-21 10:27:12.837992,414.72,0,4.044201,0.0,117.16961018915735,24.25
2021-10-21 10:27:13.843409,415.72,0,4.044216,0.0,117.16961018915735,24.0
2021-10-21 10:27:14.848877,416.73,0,4.04423,0.0,117.16961018915735,24.0
2021-10-21 10:27:15.854343,417.73,0,4.044246,0.0,117.16961018915735,24.0
2021-10-21 10:27:16.859839,418.74,0,4.044291,0.0,117.16961018915735,24.25
2021-10-21 10:27:17.875482,419.76,0,4.04432,0.0,117.16961018915735,23.75
2021-10-21 10:27:18.880947,420.76,0,4.044349,0.0,117.16961018915735,24.25
2021-10-21 10:27:19.896843,421.78,0,4.044378,0.0,117.16961018915735,24.5
2021-10-21 10:27:20.912860,422.79,0,4.044394,0.0,117.16961018915735,24.0
2021-10-21 10:27:21.918242,423.8,0,4.044438,0.0,117.16961018915735,24.25
2021-10-21 10:27:22.933896,424.81,0,4.044453,0.0,117.16961018915735,24.0
2021-10-21 10:27:23.949560,425.83,0,4.044497,0.0,117.16961018915735,24.25
2021-10-21 10:27:24.954953,426.84,0,4.044527,0.0,117.16961018915735,23.75
2021-10-21 10:27:25.965551,427.85,0,4.044542,0.0,117.16961018915735,24.0
2021-10-21 10:27:26.970969,428.85,0,4.044557,0.0,117.16961018915735,24.25
2021-10-21 10:27:27.987058,429.87,0,4.044586,0.0,117.16961018915735,24.0
2021-10-21 10:27:28.986539,430.87,0,4.044586,0.0,117.16961018915735,24.0
2021-10-21 10:27:30.006881,431.89,0,4.0446,0.0,117.16961018915735,24.0
2021-10-21 10:27:31.012343,432.89,0,4.044675,0.0,117.16961018915735,24.25
2021-10-21 10:27:32.017896,433.9,0,4.04469,0.0,117.16961018915735,24.25
2021-10-21 10:27:33.023306,434.9,0,4.044704,0.0,117.16961018915735,24.0
2021-10-21 10:27:34.029072,435.91,0,4.044704,0.0,117.16961018915735,16.0
2021-10-21 10:27:35.039739,436.92,0,4.04469,0.0,117.16961018915735,23.75
2021-10-21 10:27:36.045179,437.93,0,4.044749,0.0,117.16961018915735,24.0
2021-10-21 10:27:37.055671,438.94,0,4.044779,0.0,117.16961018915735,24.25
2021-10-21 10:27:38.071273,439.95,0,4.044808,0.0,117.16961018915735,24.5
2021-10-21 10:27:39.076782,440.96,0,4.044824,0.0,117.16961018915735,23.75
2021-10-21 10:27:40.082244,441.96,0,4.044868,0.0,117.16961018915735,23.5
2021-10-21 10:27:41.087739,442.97,0,4.044868,0.0,117.16961018915735,24.25
2021-10-21 10:27:42.093187,443.97,0,4.044868,0.0,117.16961018915735,23.75
2021-10-21 10:27:43.098636,444.98,0,4.044897,0.0,117.16961018915735,24.0
2021-10-21 10:27:44.104124,445.98,0,4.044911,0.0,117.16961018915735,23.75
2021-10-21 10:27:45.109583,446.99,0,4.044927,0.0,117.16961018915735,23.75
2021-10-21 10:27:46.115052,448.0,0,4.044956,0.0,117.16961018915735,24.0
2021-10-21 10:27:47.130607,449.01,0,4.044956,0.0,117.16961018915735,23.75
2021-10-21 10:27:48.136065,450.02,0,4.044986,0.0,117.16961018915735,24.0
2021-10-21 10:27:49.151643,451.03,0,4.044971,0.0,117.16961018915735,23.75
2021-10-21 10:27:50.157106,452.04,0,4.045015,0.0,117.16961018915735,24.25
2021-10-21 10:27:51.172689,453.05,0,4.045031,0.0,117.16961018915735,24.0
2021-10-21 10:27:52.178146,454.06,0,4.045045,0.0,117.16961018915735,23.75
2021-10-21 10:27:53.183643,455.06,0,4.04506,0.0,117.16961018915735,24.0
2021-10-21 10:27:54.189135,456.07,0,4.045105,0.0,117.16961018915735,24.0
2021-10-21 10:27:55.194561,457.08,0,4.045119,0.0,117.16961018915735,24.0
2021-10-21 10:27:56.200010,458.08,0,4.045119,0.0,117.16961018915735,23.75
2021-10-21 10:27:57.205476,459.09,0,4.045135,0.0,117.16961018915735,24.5
2021-10-21 10:27:58.210907,460.09,0,4.045135,0.0,117.16961018915735,24.25
2021-10-21 10:27:59.216339,461.1,0,4.045163,0.0,117.16961018915735,24.25
2021-10-21 10:28:00.221802,462.1,0,4.045178,0.0,117.16961018915735,24.0
2021-10-21 10:28:01.227224,463.11,0,4.045208,0.0,117.16961018915735,24.25
2021-10-21 10:28:02.232669,464.11,0,4.045223,0.0,117.16961018915735,23.75
2021-10-21 10:28:03.238122,465.12,0,4.045223,0.0,117.16961018915735,24.25
2021-10-21 10:28:04.243542,466.12,0,4.045223,0.0,117.16961018915735,24.0
2021-10-21 10:28:05.259213,467.14,0,4.045253,0.0,117.16961018915735,24.25
2021-10-21 10:28:06.264642,468.15,0,4.045282,0.0,117.16961018915735,24.25
2021-10-21 10:28:07.280207,469.16,0,4.045267,0.0,117.16961018915735,23.75
2021-10-21 10:28:08.290939,470.17,0,4.045312,0.0,117.16961018915735,24.0
2021-10-21 10:28:09.311654,471.19,0,4.045312,0.0,117.16961018915735,24.0
2021-10-21 10:28:10.322450,472.2,0,4.045341,0.0,117.16961018915735,24.0
2021-10-21 10:28:11.326702,473.21,0,4.045341,0.0,117.16961018915735,24.25
2021-10-21 10:28:12.337155,474.22,0,4.045341,0.0,117.16961018915735,24.25
2021-10-21 10:28:13.353429,475.23,0,4.045341,0.0,117.16961018915735,24.0
2021-10-21 10:28:14.358717,476.24,0,4.045371,0.0,117.16961018915735,24.0
2021-10-21 10:28:15.374427,477.26,0,4.045371,0.0,117.16961018915735,24.25
2021-10-21 10:28:16.380106,478.26,0,4.045386,0.0,117.16961018915735,23.75
2021-10-21 10:28:17.395752,479.28,0,4.045386,0.0,117.16961018915735,24.25
2021-10-21 10:28:18.400808,480.28,0,4.045401,0.0,117.16961018915735,24.25
2021-10-21 10:28:19.412009,481.29,0,4.04543,0.0,117.16961018915735,24.5
2021-10-21 10:28:20.427891,482.31,0,4.045444,0.0,117.16961018915735,24.0
2021-10-21 10:28:21.433451,483.31,0,4.045475,0.0,117.16961018915735,24.0
2021-10-21 10:28:22.438920,484.32,0,4.045444,0.0,117.16961018915735,24.5
2021-10-21 10:28:23.452431,485.33,0,4.045489,0.0,117.16961018915735,23.75
2021-10-21 10:28:24.468720,486.35,0,4.045489,0.0,117.16961018915735,24.25
2021-10-21 10:28:25.474096,487.35,0,4.045489,0.0,117.16961018915735,24.0
2021-10-21 10:28:26.479544,488.36,0,4.045489,0.0,117.16961018915735,24.0
2021-10-21 10:28:27.485007,489.37,0,4.045505,0.0,117.16961018915735,23.75
2021-10-21 10:28:28.490546,490.37,0,4.045519,0.0,117.16961018915735,23.75
2021-10-21 10:28:29.495992,491.38,0,4.045564,0.0,117.16961018915735,24.0
2021-10-21 10:28:30.511549,492.39,0,4.045548,0.0,117.16961018915735,23.75
2021-10-21 10:28:31.517039,493.4,0,4.045564,0.0,117.16961018915735,24.0
2021-10-21 10:28:32.522477,494.4,0,4.045564,0.0,117.16961018915735,23.75
2021-10-21 10:28:33.527935,495.41,0,4.045564,0.0,117.16961018915735,24.0
2021-10-21 10:28:34.533398,496.41,0,4.045593,0.0,117.16961018915735,24.25
2021-10-21 10:28:35.538903,497.42,0,4.045609,0.0,117.16961018915735,24.25
2021-10-21 10:28:36.549427,498.43,0,4.045623,0.0,117.16961018915735,23.75
2021-10-21 10:28:37.554937,499.44,0,4.045623,0.0,117.16961018915735,23.5
2021-10-21 10:28:38.570488,500.45,0,4.045623,0.0,117.16961018915735,23.75
2021-10-21 10:28:39.575999,501.46,0,4.045623,0.0,117.16961018915735,24.25
2021-10-21 10:28:40.581479,502.46,0,4.045638,0.0,117.16961018915735,24.25
2021-10-21 10:28:41.591960,503.47,0,4.045668,0.0,117.16961018915735,24.0
2021-10-21 10:28:42.597431,504.48,0,4.045652,0.0,117.16961018915735,23.75
2021-10-21 10:28:43.602920,505.48,0,4.045668,0.0,117.16961018915735,23.5
2021-10-21 10:28:44.618467,506.5,0,4.045668,0.0,117.16961018915735,23.0
2021-10-21 10:28:45.623930,507.5,0,4.045668,0.0,117.16961018915735,23.0
2021-10-21 10:28:46.629369,508.51,0,4.045696,0.0,117.16961018915735,23.0
2021-10-21 10:28:47.634817,509.52,0,4.045712,0.0,117.16961018915735,22.75
2021-10-21 10:28:48.650403,510.53,0,4.045712,0.0,117.16961018915735,21.75
2021-10-21 10:28:49.655879,511.54,0,4.045726,0.0,117.16961018915735,21.25
2021-10-21 10:28:50.661310,512.54,0,4.045726,0.0,117.16961018915735,22.0
2021-10-21 10:28:51.666749,513.55,0,4.045741,0.0,117.16961018915735,22.0
2021-10-21 10:28:52.672269,514.55,0,4.045756,0.0,117.16961018915735,21.5
2021-10-21 10:28:53.677726,515.56,0,4.045741,0.0,117.16961018915735,21.75
2021-10-21 10:28:54.693299,516.57,0,4.045756,0.0,117.16961018915735,21.25
2021-10-21 10:28:55.703862,517.58,0,4.045771,0.0,117.16961018915735,21.75
2021-10-21 10:28:56.709278,518.59,0,4.045786,0.0,117.16961018915735,21.75
2021-10-21 10:28:57.714716,519.6,0,4.0458,0.0,117.16961018915735,22.0
2021-10-21 10:28:58.720172,520.6,0,4.0458,0.0,117.16961018915735,21.75
2021-10-21 10:28:59.725620,521.61,0,4.045786,0.0,117.16961018915735,21.5
2021-10-21 10:29:00.731082,522.61,0,4.045815,0.0,117.16961018915735,21.5
2021-10-21 10:29:01.741610,523.62,0,4.0458,0.0,117.16961018915735,21.5
2021-10-21 10:29:02.747057,524.63,0,4.045815,0.0,117.16961018915735,21.25
2021-10-21 10:29:03.762642,525.64,0,4.045859,0.0,117.16961018915735,21.75
2021-10-21 10:29:04.778223,526.66,0,4.04583,0.0,117.16961018915735,21.25
2021-10-21 10:29:05.783638,527.66,0,4.045845,0.0,117.16961018915735,22.0
2021-10-21 10:29:06.789100,528.67,0,4.045875,0.0,117.16961018915735,21.75
2021-10-21 10:29:07.794549,529.68,0,4.045845,0.0,117.16961018915735,21.25
2021-10-21 10:29:08.805053,530.69,0,4.045875,0.0,117.16961018915735,21.75
2021-10-21 10:29:09.820614,531.7,0,4.045859,0.0,117.16961018915735,21.25
2021-10-21 10:29:10.826070,532.71,0,4.04589,0.0,117.16961018915735,21.5
2021-10-21 10:29:11.831514,533.71,0,4.04589,0.0,117.16961018915735,21.75
2021-10-21 10:29:12.847086,534.73,0,4.04589,0.0,117.16961018915735,21.75
2021-10-21 10:29:13.852537,535.73,0,4.045904,0.0,117.16961018915735,21.75
2021-10-21 10:29:14.857952,536.74,0,4.045904,0.0,117.16961018915735,21.25
2021-10-21 10:29:15.863402,537.74,0,4.045904,0.0,117.16961018915735,21.25
2021-10-21 10:29:16.868849,538.75,0,4.045919,0.0,117.16961018915735,21.5
2021-10-21 10:29:17.874243,539.75,0,4.045919,0.0,117.16961018915735,21.25
2021-10-21 10:29:18.879690,540.76,0,4.045949,0.0,117.16961018915735,21.0
2021-10-21 10:29:19.885147,541.77,0,4.045919,0.0,117.16961018915735,21.5
2021-10-21 10:29:20.890560,542.77,0,4.045904,0.0,117.16961018915735,21.0
2021-10-21 10:29:21.896009,543.78,0,4.045963,0.0,117.16961018915735,21.5
2021-10-21 10:29:22.901467,544.78,0,4.045963,0.0,117.16961018915735,21.5
2021-10-21 10:29:23.906943,545.79,0,4.045949,0.0,117.16961018915735,21.5
2021-10-21 10:29:24.912394,546.79,0,4.045993,0.0,117.16961018915735,22.25
2021-10-21 10:29:25.917850,547.8,0,4.045963,0.0,117.16961018915735,21.5
2021-10-21 10:29:26.923311,548.8,0,4.045963,0.0,117.16961018915735,21.75
2021-10-21 10:29:27.928760,549.81,0,4.045963,0.0,117.16961018915735,21.75
2021-10-21 10:29:28.944400,550.83,0,4.045978,0.0,117.16961018915735,22.0
2021-10-21 10:29:29.949877,551.83,0,4.045978,0.0,117.16961018915735,21.75
2021-10-21 10:29:30.955320,552.84,0,4.045978,0.0,117.16961018915735,21.0
2021-10-21 10:29:31.960773,553.84,0,4.045993,0.0,117.16961018915735,21.25
2021-10-21 10:29:32.966283,554.85,0,4.045978,0.0,117.16961018915735,21.25
2021-10-21 10:29:33.976824,555.86,0,4.046008,0.0,117.16961018915735,21.75
2021-10-21 10:29:34.987438,556.87,0,4.046038,0.0,117.16961018915735,20.75
2021-10-21 10:29:35.992888,557.87,0,4.046022,0.0,117.16961018915735,21.25
2021-10-21 10:29:36.998421,558.88,0,4.046008,0.0,117.16961018915735,21.5
2021-10-21 10:29:38.003891,559.88,0,4.046052,0.0,117.16961018915735,21.75
2021-10-21 10:29:39.009377,560.89,0,4.046038,0.0,117.16961018915735,21.75
2021-10-21 10:29:40.014834,561.9,0,4.046022,0.0,117.16961018915735,22.5
2021-10-21 10:29:41.020343,562.9,0,4.046052,0.0,117.16961018915735,22.0
2021-10-21 10:29:42.025803,563.91,0,4.046067,0.0,117.16961018915735,21.5
2021-10-21 10:29:43.031244,564.91,0,4.046067,0.0,117.16961018915735,22.0
2021-10-21 10:29:44.036699,565.92,0,4.046067,0.0,117.16961018915735,21.25
2021-10-21 10:29:45.052340,566.93,0,4.046082,0.0,117.16961018915735,21.25
2021-10-21 10:29:46.062948,567.94,0,4.046082,0.0,117.16961018915735,21.25
2021-10-21 10:29:47.078571,568.96,0,4.046067,0.0,117.16961018915735,20.25
2021-10-21 10:29:48.084010,569.96,0,4.046067,0.0,117.16961018915735,20.75
2021-10-21 10:29:49.089501,570.97,0,4.046082,0.0,117.16961018915735,22.0
2021-10-21 10:29:50.094954,571.98,0,4.046067,0.0,117.16961018915735,21.25
2021-10-21 10:29:51.100463,572.98,0,4.046082,0.0,117.16961018915735,21.0
2021-10-21 10:29:52.105914,573.99,0,4.046097,0.0,117.16961018915735,21.5
2021-10-21 10:29:53.111395,574.99,0,4.046082,0.0,117.16961018915735,21.5
2021-10-21 10:29:54.116909,576.0,0,4.046097,0.0,117.16961018915735,20.75
2021-10-21 10:29:55.122382,577.0,0,4.046097,0.0,117.16961018915735,21.0
2021-10-21 10:29:56.127819,578.01,0,4.046111,0.0,117.16961018915735,21.25
2021-10-21 10:29:57.133302,579.01,0,4.046111,0.0,117.16961018915735,20.75
2021-10-21 10:29:58.148837,580.03,0,4.046097,0.0,117.16961018915735,21.0
2021-10-21 10:29:59.164409,581.05,0,4.046111,0.0,117.16961018915735,21.5
2021-10-21 10:30:00.169882,582.05,0,4.046126,0.0,117.16961018915735,21.0
2021-10-21 10:30:01.175322,583.06,0,4.046126,0.0,117.16961018915735,21.0
2021-10-21 10:30:02.180774,584.06,0,4.046126,0.0,117.16961018915735,21.25
2021-10-21 10:30:03.186227,585.07,0,4.046156,0.0,117.16961018915735,21.25
2021-10-21 10:30:04.191653,586.07,0,4.046142,0.0,117.16961018915735,21.5
2021-10-21 10:30:05.207226,587.09,0,4.046126,0.0,117.16961018915735,21.0
2021-10-21 10:30:06.212658,588.09,0,4.046156,0.0,117.16961018915735,21.25
2021-10-21 10:30:07.218117,589.1,0,4.046142,0.0,117.16961018915735,21.0
2021-10-21 10:30:08.223558,590.1,0,4.046156,0.0,117.16961018915735,21.0
2021-10-21 10:30:09.229030,591.11,0,4.046142,0.0,117.16961018915735,21.0
2021-10-21 10:30:10.234485,592.12,0,4.046171,0.0,117.16961018915735,20.75
2021-10-21 10:30:11.250048,593.13,0,4.046171,0.0,117.16961018915735,21.25
2021-10-21 10:30:12.255494,594.14,0,4.046156,0.0,117.16961018915735,20.5
2021-10-21 10:30:13.260937,595.14,0,4.046185,0.0,117.16961018915735,20.75
2021-10-21 10:30:14.266374,596.15,0,4.046185,0.0,117.16961018915735,21.0
2021-10-21 10:30:15.281947,597.16,0,4.046185,0.0,117.16961018915735,20.75
2021-10-21 10:30:16.287401,598.17,0,4.046201,0.0,117.16961018915735,20.5
2021-10-21 10:30:17.292840,599.17,0,4.046201,0.0,117.16961018915735,20.0
2021-10-21 10:30:18.298280,600.18,0,4.046185,0.0,117.16961018915735,20.0
2021-10-21 10:30:19.303720,601.18,0,4.046201,0.0,117.16961018915735,20.75
2021-10-21 10:30:20.309167,602.19,0,4.046201,0.0,117.16961018915735,20.25
2021-10-21 10:30:21.324742,603.21,0,4.046215,0.0,117.16961018915735,19.75
2021-10-21 10:30:22.330215,604.21,1,3.961525,1.012778,117.31104365221208,20.0
2021-10-21 10:30:23.335633,605.22,1,3.739219,3.499551,117.94115154089569,21.0
2021-10-21 10:30:24.341093,606.22,1,3.731682,3.499575,118.91856004477903,20.25
2021-10-21 10:30:25.346533,607.23,1,3.726336,3.499567,119.8959513409568,19.75
2021-10-21 10:30:26.357052,608.24,1,3.72216,3.499623,120.87828668534708,21.25
2021-10-21 10:30:27.362502,609.24,1,3.718591,3.499567,121.85569440555541,20.5
2021-10-21 10:30:28.367981,610.25,1,3.715422,3.499535,122.8331180277579,20.0
2021-10-21 10:30:29.373396,611.25,1,3.712609,3.499583,123.81048166997596,20.25
2021-10-21 10:30:30.378845,612.26,1,3.710313,3.499575,124.78788394941235,20.25
2021-10-21 10:30:31.384298,613.26,1,3.707944,3.499543,125.76528453141985,20.0
2021-10-21 10:30:32.389769,614.27,1,3.705752,3.499535,126.74269702527235,20.0
2021-10-21 10:30:33.395208,615.28,1,3.703679,3.499551,127.72007952926596,20.75
2021-10-21 10:30:34.400716,616.28,1,3.701709,3.499607,128.69753916291373,14.25
2021-10-21 10:30:35.406154,617.29,1,3.699858,3.499496,129.6749230687629,18.25
2021-10-21 10:30:36.411630,618.29,1,3.69817,3.499543,130.65233497675788,20.25
2021-10-21 10:30:37.417075,619.3,1,3.696496,3.499551,131.6297244304843,20.25
2021-10-21 10:30:38.427593,620.31,1,3.694927,3.499599,132.61205318877595,20.0
2021-10-21 10:30:39.432996,621.31,1,3.693357,3.499575,133.58941298559844,20.75
2021-10-21 10:30:40.438463,622.32,1,3.691906,3.499591,134.56683388011538,20.25
2021-10-21 10:30:41.443897,623.32,1,3.6905,3.499543,135.54421822652594,20.0
2021-10-21 10:30:42.449355,624.33,1,3.689152,3.499551,136.52162031750538,20.0
2021-10-21 10:30:43.454782,625.34,1,3.687834,3.499487,137.498984453509,20.5
2021-10-21 10:30:44.470326,626.35,1,3.686545,3.499479,138.48617305455122,20.5
2021-10-21 10:30:45.475721,627.36,1,3.685331,3.499519,139.4635004981915,20.25
2021-10-21 10:30:46.481180,628.36,1,3.68425,3.499479,140.44089015514734,21.25
2021-10-21 10:30:47.486601,629.37,1,3.68311,3.499471,141.4182361701404,20.25
2021-10-21 10:30:48.492021,630.37,1,3.681955,3.499487,142.3955823301904,20.0
2021-10-21 10:30:49.497474,631.38,1,3.680859,3.499496,143.37296405995414,20.75
2021-10-21 10:30:50.502899,632.38,1,3.679763,3.499479,144.35031745431178,20.5
2021-10-21 10:30:51.513381,633.39,1,3.678726,3.499464,145.33258216549595,20.75
2021-10-21 10:30:52.518841,634.4,1,3.677705,3.499567,146.30997740289317,20.25
2021-10-21 10:30:53.524309,635.4,1,3.676713,3.499415,147.28737357422318,21.0
2021-10-21 10:30:54.529710,636.41,1,3.675705,3.499496,148.2646947017664,21.5
2021-10-21 10:30:55.535168,637.42,1,3.674713,3.499527,149.24208687781277,21.0
2021-10-21 10:30:56.550717,638.43,1,3.673765,3.499503,150.22928936635026,20.5
2021-10-21 10:30:57.556132,639.44,1,3.672848,3.499487,151.20663513452388,20.75
2021-10-21 10:30:58.561597,640.44,1,3.671929,3.499479,152.1840261552447,20.75
2021-10-21 10:30:59.567029,641.45,1,3.671011,3.499543,153.16139291739805,20.5
2021-10-21 10:31:00.572482,642.45,1,3.670152,3.499535,154.13878791355555,20.75
2021-10-21 10:31:01.577948,643.46,1,3.669264,3.499551,155.11619666412165,20.0
2021-10-21 10:31:02.588469,644.47,1,3.66839,3.499639,156.09853395273137,20.25
2021-10-21 10:31:03.593938,645.47,1,3.667605,3.499631,157.0759713149022,20.5
2021-10-21 10:31:04.599428,646.48,1,3.666791,3.499687,158.0534357948772,20.0
2021-10-21 10:31:05.604828,647.49,1,3.665962,3.499583,159.03080608071053,20.0
2021-10-21 10:31:06.610294,648.49,1,3.665147,3.499591,160.00822712030552,20.75
2021-10-21 10:31:07.615795,649.5,1,3.664377,3.499631,160.98568888700302,20.5
2021-10-21 10:31:08.621273,650.5,1,3.663592,3.499631,161.96313388106358,20.5
2021-10-21 10:31:09.626789,651.51,1,3.662807,3.499599,162.94061134671358,20.0
2021-10-21 10:31:10.632254,652.51,1,3.662022,3.499623,163.91803811730108,20.25
2021-10-21 10:31:11.647823,653.53,1,3.661237,3.499599,164.9052871294286,21.0
2021-10-21 10:31:12.653260,654.53,1,3.660512,3.499567,165.88267886075386,20.5
2021-10-21 10:31:13.668880,655.55,1,3.659712,3.499575,166.8699661660372,20.25
2021-10-21 10:31:14.674314,656.55,1,3.658987,3.499599,167.8473560981922,20.5
2021-10-21 10:31:15.679809,657.56,1,3.658246,3.499631,168.82481314942137,20.25
2021-10-21 10:31:16.685225,658.57,1,3.657506,3.499615,169.80219563780136,20.5
2021-10-21 10:31:17.690720,659.57,1,3.656869,3.499591,170.77964933738053,20.75
2021-10-21 10:31:18.696148,660.58,1,3.656143,3.499591,171.75703455403274,21.25
2021-10-21 10:31:19.701610,661.58,1,3.655462,3.499615,172.73445617391775,20.75
2021-10-21 10:31:20.707048,662.59,1,3.654737,3.499551,173.7118488773494,20.5
2021-10-21 10:31:21.722609,663.6,1,3.654055,3.499527,174.69906980134357,20.25
2021-10-21 10:31:22.728022,664.61,1,3.653374,3.499591,175.67643149936217,20.75
2021-10-21 10:31:23.733484,665.61,1,3.652693,3.499583,176.65384865052718,21.0
2021-10-21 10:31:24.738896,666.62,1,3.651997,3.499599,177.63121831344162,20.75
2021-10-21 10:31:25.744339,667.62,1,3.65136,3.499543,178.60861252592858,20.5
2021-10-21 10:31:26.749802,668.63,1,3.650694,3.499519,179.58601500866553,20.25
2021-10-21 10:31:27.765367,669.65,1,3.650028,3.499567,180.57324094944192,20.25
2021-10-21 10:31:28.770828,670.65,1,3.649376,3.499487,181.5506403708161,20.75
2021-10-21 10:31:29.776293,671.66,1,3.648739,3.499535,182.52803921182027,21.0
2021-10-21 10:31:30.786798,672.67,1,3.648117,3.499519,183.51034185935777,20.25
2021-10-21 10:31:31.792275,673.67,1,3.647554,3.499519,184.48775459979194,20.5
2021-10-21 10:31:32.797745,674.68,1,3.646948,3.499527,185.4651616527947,20.25
2021-10-21 10:31:33.803176,675.68,1,3.64634,3.499519,186.4425307942983,20.0
2021-10-21 10:31:34.808628,676.69,1,3.645718,3.499535,187.419921466855,20.25
2021-10-21 10:31:35.814069,677.69,1,3.645155,3.499471,188.3972947434725,20.5
2021-10-21 10:31:36.819535,678.7,1,3.644548,3.499479,189.37468450190303,20.25
2021-10-21 10:31:37.824967,679.71,1,3.643926,3.499527,190.35204902976304,20.0
2021-10-21 10:31:38.830414,680.71,1,3.643378,3.499535,191.32943595902887,20.75
2021-10-21 10:31:39.835879,681.72,1,3.642831,3.499551,192.3068437374997,20.75
2021-10-21 10:31:40.851434,682.73,1,3.642268,3.499567,193.29406447090108,20.75
2021-10-21 10:31:41.856884,683.74,1,3.641705,3.499511,194.27145655077607,20.5
2021-10-21 10:31:42.862347,684.74,1,3.641246,3.499551,195.248859033513,21.0
2021-10-21 10:31:43.867775,685.75,1,3.640728,3.499511,196.2262274930319,21.0
2021-10-21 10:31:44.873211,686.75,1,3.64015,3.499496,197.20359604887244,20.0
2021-10-21 10:31:45.883843,687.76,1,3.639647,3.499519,198.1860166776891,20.5
2021-10-21 10:31:46.889204,688.77,1,3.639114,3.499535,199.16331888997993,20.25
2021-10-21 10:31:47.894645,689.78,1,3.63861,3.499543,200.14070222100744,20.0
2021-10-21 10:31:48.900143,690.78,1,3.638092,3.499519,201.11813872696246,20.0
2021-10-21 10:31:49.915726,691.8,1,3.637588,3.499455,202.10536636749606,20.0
2021-10-21 10:31:50.921177,692.8,1,3.637114,3.499519,203.0827448962841,20.5
2021-10-21 10:31:51.926595,693.81,1,3.636611,3.499423,204.0600868779169,20.5
2021-10-21 10:31:52.932063,694.81,1,3.636122,3.499471,205.03747076019354,20.25
2021-10-21 10:31:53.937474,695.82,1,3.635618,3.499479,206.0148070544227,21.0
2021-10-21 10:31:54.942964,696.82,1,3.63513,3.499535,206.9922290803755,21.5
2021-10-21 10:31:55.948522,697.83,1,3.634612,3.499519,207.96972279456048,20.5
2021-10-21 10:31:56.953957,698.83,1,3.634153,3.499479,208.947089121523,20.25
2021-10-21 10:31:57.959407,699.84,1,3.633664,3.499464,209.9244623492105,20.0
2021-10-21 10:31:58.974990,700.86,1,3.633205,3.499455,210.91168223181842,20.5
2021-10-21 10:31:59.980437,701.86,1,3.632776,3.499479,211.88905128647093,20.5
2021-10-21 10:32:00.985919,702.87,1,3.632272,3.499543,212.8664666529437,20.5
2021-10-21 10:32:01.991368,703.87,1,3.631828,3.499471,213.8438488234001,20.25
2021-10-21 10:32:02.996833,704.88,1,3.631384,3.499439,214.82123202383758,20.75
2021-10-21 10:32:04.002261,705.88,1,3.63091,3.499415,215.7985714376587,19.75
2021-10-21 10:32:05.007731,706.89,1,3.630436,3.499511,216.77596173282814,20.5
2021-10-21 10:32:06.013145,707.89,1,3.629977,3.499392,217.7532943801673,21.0
2021-10-21 10:32:07.018587,708.9,1,3.629547,3.499455,218.73064642535812,20.75
2021-10-21 10:32:08.024012,709.9,1,3.629118,3.499383,219.7079806887123,20.25
2021-10-21 10:32:09.039593,710.92,1,3.628644,3.499383,220.6951770460798,21.0
2021-10-21 10:32:10.055148,711.94,1,3.628185,3.499431,221.6823549004923,20.75
2021-10-21 10:32:11.060615,712.94,1,3.627726,3.499471,222.6597389278859,20.5
2021-10-21 10:32:12.066026,713.95,1,3.627281,3.499383,223.63706181663508,19.75
2021-10-21 10:32:13.071463,714.95,1,3.626852,3.499439,224.6144055104148,20.5
2021-10-21 10:32:14.076873,715.96,1,3.626452,3.499464,225.59173426947453,20.25
2021-10-21 10:32:15.082349,716.96,1,3.626008,3.499431,226.56912606794953,20.0
2021-10-21 10:32:16.087764,717.97,1,3.625579,3.499503,227.5464640162287,20.75
2021-10-21 10:32:17.103349,718.98,1,3.625134,3.499535,228.53370262834397,20.5
2021-10-21 10:32:18.108787,719.99,1,3.62469,3.499519,229.51107969162896,20.5
2021-10-21 10:32:19.114209,720.99,1,3.62426,3.499527,230.48844008432508,20.0
2021-10-21 10:32:20.119690,722.0,1,3.623831,3.499559,231.46586341632036,20.75
2021-10-21 10:32:21.125122,723.01,1,3.623417,3.499543,232.44324134994037,20.5
2021-10-21 10:32:22.130570,724.01,1,3.622987,3.499487,233.42062478264037,20.75
2021-10-21 10:32:23.136033,725.02,0,3.920357,0.0,233.90931987951274,20.25
2021-10-21 10:32:24.141499,726.02,0,3.927332,0.0,233.90931987951274,20.5
2021-10-21 10:32:25.157067,727.04,0,3.932041,0.0,233.90931987951274,20.5
2021-10-21 10:32:26.162527,728.04,0,3.935595,0.0,233.90931987951274,20.75
2021-10-21 10:32:27.167975,729.05,0,3.938586,0.0,233.90931987951274,20.5
2021-10-21 10:32:28.173417,730.05,0,3.941045,0.0,233.90931987951274,20.5
2021-10-21 10:32:29.178875,731.06,0,3.943251,0.0,233.90931987951274,20.75
2021-10-21 10:32:30.184363,732.06,0,3.945043,0.0,233.90931987951274,20.25
2021-10-21 10:32:31.189809,733.07,0,3.94685,0.0,233.90931987951274,21.0
2021-10-21 10:32:32.195334,734.08,0,3.948553,0.0,233.90931987951274,19.75
2021-10-21 10:32:33.200748,735.08,0,3.950093,0.0,233.90931987951274,20.5
2021-10-21 10:32:34.206240,736.09,0,3.951545,0.0,233.90931987951274,14.75
2021-10-21 10:32:35.211687,737.09,0,3.952936,0.0,233.90931987951274,18.75
2021-10-21 10:32:36.217173,738.1,0,3.954195,0.0,233.90931987951274,20.5
2021-10-21 10:32:37.222588,739.1,0,3.955394,0.0,233.90931987951274,20.75
2021-10-21 10:32:38.228030,740.11,0,3.956549,0.0,233.90931987951274,21.0
2021-10-21 10:32:39.233490,741.11,0,3.957645,0.0,233.90931987951274,20.25
2021-10-21 10:32:40.238933,742.12,0,3.958637,0.0,233.90931987951274,20.25
2021-10-21 10:32:41.244369,743.12,0,3.959645,0.0,233.90931987951274,20.25
2021-10-21 10:32:42.259912,744.14,0,3.960592,0.0,233.90931987951274,20.5
2021-10-21 10:32:43.265338,745.15,0,3.96154,0.0,233.90931987951274,20.75
2021-10-21 10:32:44.270815,746.15,0,3.96231,0.0,233.90931987951274,20.5
2021-10-21 10:32:45.276249,747.16,0,3.963169,0.0,233.90931987951274,20.0
2021-10-21 10:32:46.281699,748.16,0,3.963998,0.0,233.90931987951274,20.5
2021-10-21 10:32:47.297272,749.18,0,3.964813,0.0,233.90931987951274,21.0
2021-10-21 10:32:48.312808,750.19,0,3.965568,0.0,233.90931987951274,21.75
2021-10-21 10:32:49.328366,751.21,0,3.966294,0.0,233.90931987951274,19.5
2021-10-21 10:32:50.333834,752.21,0,3.967004,0.0,233.90931987951274,20.25
2021-10-21 10:32:51.339259,753.22,0,3.967685,0.0,233.90931987951274,20.75
2021-10-21 10:32:52.354807,754.24,0,3.968337,0.0,233.90931987951274,20.5
2021-10-21 10:32:53.360283,755.24,0,3.969018,0.0,233.90931987951274,20.75
2021-10-21 10:32:54.365708,756.25,0,3.969626,0.0,233.90931987951274,21.0
2021-10-21 10:32:55.381259,757.26,0,3.970277,0.0,233.90931987951274,20.5
2021-10-21 10:32:56.386727,758.27,0,3.970825,0.0,233.90931987951274,21.5
2021-10-21 10:32:57.392160,759.27,0,3.971447,0.0,233.90931987951274,21.0
2021-10-21 10:32:58.397640,760.28,0,3.972024,0.0,233.90931987951274,21.75
2021-10-21 10:32:59.403054,761.28,0,3.972513,0.0,233.90931987951274,21.25
2021-10-21 10:33:00.408502,762.29,0,3.973046,0.0,233.90931987951274,20.25
2021-10-21 10:33:01.419040,763.3,0,3.973579,0.0,233.90931987951274,20.5
2021-10-21 10:33:02.424496,764.31,0,3.974083,0.0,233.90931987951274,20.75
2021-10-21 10:33:03.429936,765.31,0,3.974571,0.0,233.90931987951274,20.25
2021-10-21 10:33:04.435404,766.32,0,3.975075,0.0,233.90931987951274,21.0
2021-10-21 10:33:05.440832,767.32,0,3.975519,0.0,233.90931987951274,20.75
2021-10-21 10:33:06.446286,768.33,0,3.976008,0.0,233.90931987951274,20.75
2021-10-21 10:33:07.451745,769.33,0,3.976467,0.0,233.90931987951274,20.25
2021-10-21 10:33:08.457187,770.34,0,3.976911,0.0,233.90931987951274,20.75
2021-10-21 10:33:09.472762,771.35,0,3.97737,0.0,233.90931987951274,21.0
2021-10-21 10:33:10.478223,772.36,0,3.97777,0.0,233.90931987951274,20.75
2021-10-21 10:33:11.483804,773.36,0,3.97817,0.0,233.90931987951274,21.0
2021-10-21 10:33:12.489162,774.37,0,3.978599,0.0,233.90931987951274,21.75
2021-10-21 10:33:13.494616,775.38,0,3.978999,0.0,233.90931987951274,20.75
2021-10-21 10:33:14.500059,776.38,0,3.979355,0.0,233.90931987951274,21.5
2021-10-21 10:33:15.505533,777.39,0,3.979739,0.0,233.90931987951274,21.5
2021-10-21 10:33:16.510997,778.39,0,3.980139,0.0,233.90931987951274,20.75
2021-10-21 10:33:17.516519,779.4,0,3.98051,0.0,233.90931987951274,21.25
2021-10-21 10:33:18.521934,780.4,0,3.980895,0.0,233.90931987951274,20.75
